job_link,job_summary,job_skills,job_skills_list
https://www.linkedin.com/jobs/view/manager-occupational-safety-at-hf-sinclair-3795859406,"Job description:
Basic Function
Oversees and ensures compliance with all applicable local, state and federal safety laws and regulations, safety program(s) and training. Directs and continuously improves plant-wide safety programs to ensure compliance, low accident rates, and a safe work environment.
Job Duties
ESSENTIAL JOB DUTIES/RESPONSIBILITIES: (functions considered essential as defined by ADA)
Ensures site compliance with all OSHA and other regulatory standards
Ensures effective Injury and Near Miss reporting, investigation of causes, trending and analysis
Ensures tracking and closure of Occupational Safety Action Items (e.g. incident investigation action items, audit findings, safety work orders)
Drives Workforce Safety Communication Program including injury/near miss trends, investigation findings, safety bulletins, stand-downs, lessons learned, but not limited to
Implements Behavioral Based Safety Programs
Audits Safe Work Programs and their application in the field including LOTO, Hot Work, Confined Space, but not limited to
Interfaces with HR Department to ensure all required regulatory employee Safety Training is identified and completed and implements additional training beyond compliance as needed to address occupational safety problem areas
Ensures Safety Critical Equipment inspection and maintenance programs are in place and effective including fire suppression, supplied air systems, firewater system, but not limited to
Obtains Employee Feedback on safety related issues and Safety Culture Assessments
Assists Materials Management Group with Contractor Pre-Qualification
Prepares and maintains necessary accident and safety records and reports required by the company, associations, and governmental bodies
Interfaces with peers in regular Occupational Safety Steering Committee meetings
Facilitates periodic Insurance Audits
Manages community relations, including acting as liaison with local residents, fire, police and city governments (as required by site)
Manages safety expense budget and related capital projects depending on location
Ensures effective injury case management, and may supervise the site occupational safety nurse (depending on location)
Manages Industrial Hygiene and Radiation Safety Program, and site Emergency Response Program, ensures Emergency Response Team is adequately staffed, trained, and all periodic drills are conducted as required
Manages site Security Program and department depending on location, completes vulnerability assessments for security related requirements, and facilitates periodic TSCA audits
Develops and implements new site policies and procedures in any area of responsibility when needed, working closely with department managers to ensure effective implementation
Special assignments or tasks assigned to the employee by their manager, as determined from time to time in their sole and complete discretion.
Experience
A minimum of 10 years of job related experience required in refinery manufacturing, health/safety assignments or equivalent is required.
Education Level
A minimum of a Bachelor's Degree in Safety, Engineering or related field required.
PREFERRED EDUCATION:
Certified Safety Professional, Certified Industrial Hygienist or Professional Engineer preferred.
Required Skills
Formal and informal leadership skills, ability to influence people outside of direct reporting structure. Advanced knowledge of OSHA regulations and critical Occupational Safety activity. Working knowledge of Microsoft products. Working knowledge of science, basic refinery operations, maintenance, and engineering practices. Ability to effectively communicate with others, both written and verbal communication and interpersonal skills. Advanced leadership and interpersonal skills, Technical proficiency and professional competence. Goal oriented and organized. Ability to initiate changes and maintain balance of Business Line customer needs in an environment of governmental regulations. Advanced reading and writing skills, with the ability to perform intermediate mathematical calculations.
PREFERRED SKILLS:
Working knowledge of Incident Investigation (RCA) techniques, and other training focused in areas of responsibility.
Supervisory/Managerial Responsibility
Responsible for the supervision of up to seven employees, and leadership for Occupational Safety across entire plant.
Work Conditions
Office based with up to 20% travel by land and air required. Petroleum refinery, warehouse/plant environment, out-of-doors, driver based environment including but not limited to chemicals, pressure vessels, tanks, rotating equipment, working in confined spaces, and exposure to the risk of electrical shock. Subject to all temperatures, weather and varying road conditions.
Physical Requirements
Job conditions require standing, walking, sitting, twisting, stooping, crouching, kneeling, talking or hearing, making visual inspections, making precise hand and finger movements, reaching or grasping, climbing up to 25 ft, required to wear personal protective equipment as needed and a respirator in emergency situations (beards not permitted), lifting and/or carrying up to 15lbs, ability to operate and drive all assigned company vehicles at company standard insurance rates is essential, valid state driver's license and proof of insurance required,
and perceiving color differences.
Our One HF Sinclair Culture:
At HF Sinclair, we are united through our One HF Sinclair Culture, which is underpinned by our five core values of Safety, Integrity, Teamwork, Ownership and Inclusion. Developed to empower our people, our five core cultural values are at the heart of everything we do and extend to how we engage our stakeholders. These values influence our decisions, shape our behaviors and keep us connected across the entire organization.
We maintain a true Safety culture for our employees, communities, environments and customers. Our goal is to make sure everyone returns home safely each day. We have a long-standing commitment to Integrity and ethical behavior and do what is right for our employees, investors, communities and the environment. We encourage employees to Step Up and Stand Out by championing a culture of Teamwork and Ownership. We foster a culture of Inclusion by encouraging diversity of experiences, viewpoints and backgrounds. What makes each of us different, together makes us stronger.
About HF Sinclair Corporation
HF Sinclair Corporation (""HF Sinclair""), headquartered in Dallas, Texas, is an independent energy company that produces and markets high value light products such as gasoline, diesel fuel, jet fuel, renewable diesel and other specialty products. HF Sinclair owns and operates refineries located in Kansas, Oklahoma, New Mexico, Wyoming, Washington and Utah and markets its refined products in 19 states principally in the Southwest U.S., the Rocky Mountains extending into the Pacific Northwest and in other neighboring Plains states. HF Sinclair supplies high quality fuels to more than 1,300 Sinclair branded stations and licenses the use of the Sinclair brand at more than 300 additional locations throughout the country. In addition, subsidiaries of HF Sinclair produce and market base oils and other specialized lubricants in the U.S., Canada and the Netherlands, and export products to more than 80 countries. Through its subsidiaries, HF Sinclair produces renewable diesel at two of its facilities in Wyoming. HF Sinclair also owns a 47% limited partner interest and a non-economic general partner interest in Holly Energy Partners, L.P., a master limited partnership that provides petroleum product and crude oil transportation, terminalling, storage and throughput services to the petroleum industry, including HF Sinclair subsidiaries.
Equal Opportunity Employer
HF Sinclair Corporation is an Equal Opportunity Employer. All qualified applicants will receive consideration for employment without regard to race, color, religion, sex, sexual orientation, gender identity, national origin, age, disability, veteran status or any other prohibited ground of discrimination.
Show more
Show less","OSHA standards, Incident Investigation, Injury Reporting, Near Miss Reporting, Safety Audits, Safety Programs, Safety Training, Employee Feedback, Safety Culture Assessments, Contractor PreQualification, Accident Records, Safety Reports, Insurance Audits, Community Relations, Security Program, Vulnerability Assessments, TSCA Audits, Policy Development, Procedure Development, Leadership, Influence, OSHA Regulations, Microsoft Products, Science, Refinery Operations, Maintenance, Engineering, Communication, Interpersonal Skills, Goal Orientation, Organization, Problem Solving, Mathematical Calculations, RCA Techniques, Supervisory Experience, Managerial Experience, Occupational Safety, Physical Requirements, Standing, Walking, Sitting, Twisting, Stooping, Crouching, Kneeling, Talking, Hearing, Visual Inspections, Hand and Finger Movements, Reaching, Grasping, Climbing, Personal Protective Equipment, Lifting, Carrying, Driving, Color Perception","['osha standards', 'incident investigation', 'injury reporting', 'near miss reporting', 'safety audits', 'safety programs', 'safety training', 'employee feedback', 'safety culture assessments', 'contractor prequalification', 'accident records', 'safety reports', 'insurance audits', 'community relations', 'security program', 'vulnerability assessments', 'tsca audits', 'policy development', 'procedure development', 'leadership', 'influence', 'osha regulations', 'microsoft products', 'science', 'refinery operations', 'maintenance', 'engineering', 'communication', 'interpersonal skills', 'goal orientation', 'organization', 'problem solving', 'mathematical calculations', 'rca techniques', 'supervisory experience', 'managerial experience', 'occupational safety', 'physical requirements', 'standing', 'walking', 'sitting', 'twisting', 'stooping', 'crouching', 'kneeling', 'talking', 'hearing', 'visual inspections', 'hand and finger movements', 'reaching', 'grasping', 'climbing', 'personal protective equipment', 'lifting', 'carrying', 'driving', 'color perception']"
https://www.linkedin.com/jobs/view/on-call-banquet-bartender-at-hyatt-regency-3793272127,"Organization- Hyatt Regency St Louis at the Arch
Summary
At Hyatt, we believe our guests select Hyatt because of our caring and attentive associates who are focused on providing efficient service and meaningful experiences.
On Call Banquet Bartenders are responsible for providing libations and offering customized recommendations. The right person should be familiar with the latest in mixology, bar equipment, and sanitation standards, with a focus on maintaining an attractive bar. This position offers opportunity for casual conversation, creativity and allows for building on one's style and previous bartending experiences.
**Preferred candidates will have understanding of state and local serving guidelines.**
Hyatt associates work in an environment that demands exceptional performance yet reaps great rewards. Whether it’s career opportunities, job enrichment or a supportive work environment, if you are ready for this challenge, then we are ready for you!
This is not your typical career opportunity. This is the Hyatt Touch.
Qualifications
A true desire to satisfy the needs of others in a fast-paced environment.
Refined verbal communication skills.
Must have physical stamina to lift moderate amounts of weight.
Prior banquet experience a plus
Show more
Show less","Mixology, Bar equipment, Sanitation standards, Casual conversation, Creativity, State and local serving guidelines","['mixology', 'bar equipment', 'sanitation standards', 'casual conversation', 'creativity', 'state and local serving guidelines']"
https://www.linkedin.com/jobs/view/automotive-technical-expert-at-randstad-usa-3790449459,"Randstad, in partnership with our client, a leading firm providing operational support services and training worldwide to government and commercial clients, is seeking an Automotive Technical Expert with experience in a dealership environment. This position works closely with a curriculum development team and other automotive subject matter experts to Research, Develop, and Validate service technical training courses. The position requires knowledge of Automotive Vehicle System Diagnosis include High Voltage Electric Vehicle Technologies
Education Desired
Minimum Associates degree in Automotive Technology or successful completion of a formal Automotive Technology Program.
Four years automotive technician experience with a High School diploma may be considered in lieu of a degree.
Special Requirements
Current ASE certifications in Automotive with A1 thru A8 and L1-L3-
Must Have.
Experience
Minimum of four (4) years automotive technical experience
Current ASE Certified Master Automotive Technician- (must have)
Strong knowledge of intricate automotive systems
Advanced automotive systems diagnostic skills
Demonstrated ability to work skillfully with highly technical diagnostic equipment, including: Scan Tools, Oscilloscope, Digital Multimeters, Air Conditioning Recycling Equipment, Vibration Diagnostic Equipment, etc.
Ability to work well with both customers and co-workers in a team environment
Intermediate computer skills, including the use of the internet, Microsoft Office products and email
Ability to adapt to rapidly changing situations and work environments
Must have excellent time management, communication, and organizational skills
WEB and ILT course development experience
Technical writing experience
GM Dealership service technician experience a HUGE PLUS!
Knowledge Desired
A working product knowledge, product application(s) and staying current in the industry.
Automotive Mechanical and Electrical knowledge
High Voltage Electrical Systems including EV Battery, Drive Motor, and Charging Systems.
Demonstrate knowledge of adult-learning principles and competency-based
· Involvement in creating technology and alternate training delivery methods, including: Video, Web-Based Training, Virtual Classroom Training, and Facilitated Hands-on Training.
Computer software skills (MS Office)
An understanding of a typical service department environment
An understanding of a typical training center environment
Public Speaking skills
Comments
Individual must be highly motivated, and task driven
Must have excellent time management and organizational skills
Have the ability to complete tasks with minimum supervision
Have the ability work on multiple projects
Ability to work well with both internal and external customers and coworkers in a team setting
Tools and equipment – maintain the inventory of tools and equipment and insure functionality for training use.
Show more
Show less","Automotive Vehicle System Diagnosis, Microsoft Office, High Voltage Electric Vehicle Technologies, Automotive Mechanical and Electrical knowledge, Automotive Technical Expert, High Voltage Electrical Systems, Scan Tools, Oscilloscope, Digital Multimeters, Air Conditioning Recycling Equipment, Vibration Diagnostic Equipment, Adultlearning principles, Competencybased, Video, WebBased Training, Virtual Classroom Training, Facilitated Handson Training, Public Speaking, Tools and equipment inventory management","['automotive vehicle system diagnosis', 'microsoft office', 'high voltage electric vehicle technologies', 'automotive mechanical and electrical knowledge', 'automotive technical expert', 'high voltage electrical systems', 'scan tools', 'oscilloscope', 'digital multimeters', 'air conditioning recycling equipment', 'vibration diagnostic equipment', 'adultlearning principles', 'competencybased', 'video', 'webbased training', 'virtual classroom training', 'facilitated handson training', 'public speaking', 'tools and equipment inventory management']"
https://www.linkedin.com/jobs/view/volunteer-adult-literacy-tutor-at-volunteermatch-3803966554,"We ignite growth through transformative experiences. It’s our mission to strengthen our community by creating an inclusive sense of place and environment for learning. San Mateo County Libraries are incomparable destinations for exploration. Each of our thirteen libraries is part of a larger family offering welcoming spaces with friendly faces and worlds of discovery and technological opportunities. We’re here to serve our communities through every chapter of their lives.
San Mateo County Libraries is a Joint Powers Authority that comprises the cities of Atherton, Belmont, Brisbane, East Palo Alto, Foster City, Half Moon Bay, Millbrae, North Fair Oaks, Pacifica, Portola Valley, San Carlos, Woodside, and the unincorporated areas of San Mateo County.
Visit smcl.org for information about our community libraries and their services.
Be part of changing an adult learner’s life! Volunteer to help an adult improve their reading and writing. No previous teaching experience or educational background is required. We provide all training and materials necessary to become a successful, high-impact volunteer. This opportunity is for local volunteers in San Mateo County.
Commitment is for 2 hours per week for at least 6 months. Tutors meet with learners in a safe and caring learning environment either in person at our East Palo Alto branch or online. Zoom experience preferred for online tutoring.
Ready to make a big impact in your community?
Fill out an application at http //bttr.im/k93g4
This is a volunteer opportunity provided by VolunteerMatch, in partnership with LinkedIn for Good.
Show more
Show less","Volunteering, Literacy, Reading, Writing, Tutoring, Training, Materials, Zoom","['volunteering', 'literacy', 'reading', 'writing', 'tutoring', 'training', 'materials', 'zoom']"
https://www.linkedin.com/jobs/view/registered-nurse-%e2%80%93-telemetry-travel-tele-rn-24195528expplat-at-travelnursesource-3803863864,"TravelNurseSource is working with AMN Healthcare to find a qualified Telemetry RN in DOVER, New Hampshire, 03820!
Pay Information
$1,897 to $2,090 per week
About The Position
Job Description & Requirements
Registered Nurse – Telemetry - Travel - (Tele RN)
StartDate: 2/12/2024 Available Shifts: 12 D Pay Rate: $1897.00 - $2090.00
Wentworth-Douglass Hospital is a nationally recognized, not-for-profit charitable health care organization located in the Seacoast community of Dover, New Hampshire with a 116-year history of compassionate care and innovation.Serving its communities since 1906, it is a family of 400 providers and 3,500 employees, including more than 500 nurses, and 200 volunteers dedicated to the health, safety and well-being of residents and visitors to the Seacoast area of New Hampshire and Southern Maine. Wentworth-Douglass Hospital includes 178-bed Magnet® Recognized hospital, several urgent care and walk-in care facilities, multiple testing centers, 36 Wentworth Health Partners primary care and specialty care provider practices, The Works Health and Fitness Center and the Wentworth-Douglass Foundation.In 2017, Wentworth-Douglass Hospital joined the Massachusetts General Hospital family and Mass General Brigham system. Wentworth-Douglass is a 501(c)(3) charitable organization.
Required Qualifications
NH License
Active MA License required - no conditional MA licenses accepted
BLS
Covid and Flu vaccine and booster - no exceptions
Job Benefits
At AMN Healthcare we take care of our travelers! We offer:
Competitive pay rates
Free, quality, private housing
Medical, Dental, Vision
401(k) and Flex Spending
Life Insurance
Accident and Short-term Disability Coverage
Free Continuing Education
Refer a friend and earn extra cash!
About The Company
At AMN Healthcare, we strive to be recognized as the most trusted, innovative, and influential force in helping healthcare organizations provide quality patient care that continually evolves to make healthcare more human, more effective, and more achievable.
Telemetry nurse, telemetry, nurse, nursing, RN, R.N., registered nurse, hospital, medical, healthcare, health care, patient care, tele RN
Job Requirements
NH LicenseActive MA License required - no conditional MA licenses acceptedBLSCovid and Flu vaccine and booster - no exceptions
Benefits
At AMN Healthcare we take care of our travelers! We offer:
Competitive pay rates
Free, quality, private housing
Medical, Dental, Vision
401(k) and Flex Spending
Life Insurance
Accident and Short-term Disability Coverage
Free Continuing Education
Refer a friend and earn extra cash!
About AMN Healthcare
AMN Healthcare is a leader in Nurse staffing. Our relationships with numerous healthcare facilities - including hospitals, home health agencies, and long-term care facilities - enable us to offer the most current travel nurse, local staffing, rapid response and crisis nurse jobs nationwide. We''re committed to finding you the best nursing job to fit your career goals. AMN Healthcare is an EEO/AA/Disability/Protected Veteran Employer. We encourage minority and female applicants to apply.
Show more
Show less","Nursing, Telemetry, BLS, MA License, NH License, COVID and Flu vaccine and booster, Medical, Dental, Vision, 401(k), Flex Spending, Life Insurance, Accident and Shortterm Disability Coverage, Continuing Education","['nursing', 'telemetry', 'bls', 'ma license', 'nh license', 'covid and flu vaccine and booster', 'medical', 'dental', 'vision', '401(k)', 'flex spending', 'life insurance', 'accident and shortterm disability coverage', 'continuing education']"
https://www.linkedin.com/jobs/view/licensed-massage-therapist-upper-west-side-at-equinox-3802807733,"Company Description
OUR STORY
Equinox Group is a high growth collective of the world's most influential, experiential, and differentiated lifestyle brands. We restlessly seek what is next for maximizing life - and boldly grow the lifestyle brands and experiences that define it. In addition to Equinox, our other brands,
Blink, Pure Yoga, SoulCycle, Equinox Hotels and Equinox Media
are all recognized for inspiring and motivating members and employees to maximize life. Our portfolio of brands is recognized globally with locations within every major city across the United States in addition to London, Toronto, and Vancouver.
OUR CODE
We are passionate about
high performance living
and we practice what we preach – investing time in our own health and fitness. We believe that everyone has untapped potential within them and it takes a
disruptive approach
to unleash it. We
dream big
and don’t settle for the status quo. We
sweat the details
. We never accept less than
110%
to
help each other
deliver the Equinox experience and enable our members to get great results. We are obsessed with what’s new, what’s now,
what’s next
. Never following, always leading, living ahead of the moment in fashion, culture and consumer behavior. We aren’t just a company; we’re a community vested in each other’s success. We value
humility
and a
team approach
at every level of the company.
Job Description
Are you a results driven
Licensed Massage Therapist
passionate about helping people maximize their potential? If so, we are excited to discuss career opportunities with you! We are seeking
Licensed Massage Therapists
who are interested in taking a multimodal approach to manual therapy and adding movement science to their skill set. Equinox can offer
Licensed Massage Therapists
a long term career with competitive pay, an innovative and forward thinking work environment, bespoke educational opportunities taught by best in class instructors and access to a committed community of members who prioritize their health and performance! Equinox ensures your success by providing everything you need and creating an environment that makes recovery a necessity rather than an indulgence.
The
Licensed
Massage Therapist’s
job responsibilities include but are not limited to the following:
Perform 25, 50,80, and 110-minute deep tissue, sports, prenatal and Swedish massages in a professional and comfortable setting
Analyze client current needs and creating a programmatic treatment plan
Ensure that the room is cleaned after each treatment and at the end of each shift
Remain compliant with all state regulatory boards in regard to intake forms, waivers, and SOAP notes
Qualifications
The successful candidate must have the following attributes:
Must possess a valid NY license or certification
Ability to generate new business and retain clients by providing treatment programs
Evening and weekend availability a must (Part-time and Full-time positions)
In depth understanding of anatomy and movement in relation to soft tissue manipulation
Excellent collaboration and communication skills
Willingness to learn and positive energy
Computer literate
Ethical
Candidates who are licensed and have been working in the field for at least one (1) year may be considered for an elevated compensation package
Pay Transparency: $39.50-$43.50 per session; $16.00/hr (non-session work) and ability to earn bonus
Additional Information
AS A MEMBER OF THE EQUINOX TEAM YOU WILL RECEIVE:
We offer competitive salary, benefits, and industry leading commission opportunities for club employees
Complimentary Club membership
Perks and incentives with our products and services including Personal Training, Pilates, Spa and Shop
NOTE
: This job description is intended to describe the general requirements for the position. It is not a complete statement of duties, responsibilities or requirements. Other duties not listed here may be assigned as necessary to ensure the proper operations of the department.
Equinox is an equal opportunity employer. For more information regarding our career opportunities, please visit one of our clubs or our website at
https://careers.equinox.com/
All your information will be kept confidential according to EEO guidelines. Must have a legal right to work in the United States.
Show more
Show less","Massage Therapy, Deep Tissue Massage, Sports Massage, Prenatal Massage, Swedish Massage, Programmatic Treatment Planning, Intake Forms, Waivers, SOAP Notes, Anatomy, Movement, Soft Tissue Manipulation, Collaboration, Communication, Computer Literacy, Ethics, Regulatory Compliance, Hygiene","['massage therapy', 'deep tissue massage', 'sports massage', 'prenatal massage', 'swedish massage', 'programmatic treatment planning', 'intake forms', 'waivers', 'soap notes', 'anatomy', 'movement', 'soft tissue manipulation', 'collaboration', 'communication', 'computer literacy', 'ethics', 'regulatory compliance', 'hygiene']"
https://www.linkedin.com/jobs/view/dentist-at-gpac-3770923429,"My client is a growing practice seeking highly skilled Dentists. They offer clinical support with direct one-on-one mentoring to all their Dentists & Specialists. A highly trained and dedicated support staff will allow you to focus on the clinical side of their practice. They strive to hire great people from top to bottom, to ensure efficient flow of daily operations; from the reception area to dental assisting staff. Not only do you have the freedom to focus on the clinical side of dentistry, but you have control over treatment plans.
Benefits
Minimum daily guarantee along with production based compensation
Full control over treatment plan.
Full benefits package which includes Health, Dental, Vision and Life Insurance
Malpractice Insurance
Reimbursement for License & Continuing Education
Dentist Responsibilities
Create dental treatment plans and coordinate oral health care during patient consultations.
Repair decayed and broken teeth through restoration techniques, potentially extract teeth, and restore edentulous areas.
Adhere to all federal and government regulations, including the state dental board rules and regulations.
Provide leadership and direction to clinical support staff in all areas of patient treatment.
Willing to work with minor patients
Qualifications
DDS or DMD degree
Previous experience preferred, but more than willing to bring on those recent/soon to be college graduates.
Medicaid Qualified
For additional information on this opportunity, please contact
Eric Estey
directly at
605-679-4266
.
You can email me directly at: eric.estey@gogpac.com.
All qualified applicants will receive consideration without regard to race, age, color, sex (including pregnancy), religion, national origin, disability, sexual orientation, gender identity, marital status, military status, genetic information, or any other status protected by applicable laws or regulations.
GPAC (Growing People and Companies) is an award-winning search firm specializing in placing quality professionals within multiple industries across the United States since 1990. We are extremely competitive, client-focused and realize that our value is in our ability to deliver the right solutions at the right time.
Show more
Show less","Dentistry, Dental treatment planning, Oral health care, Restoration techniques, Dental hygiene, Patient consultations, Medicaid Qualified, DDS or DMD degree, Previous experience in dentistry, Leadership and direction, Clinical support staff management","['dentistry', 'dental treatment planning', 'oral health care', 'restoration techniques', 'dental hygiene', 'patient consultations', 'medicaid qualified', 'dds or dmd degree', 'previous experience in dentistry', 'leadership and direction', 'clinical support staff management']"
https://www.linkedin.com/jobs/view/adjunct-faculty-dental-hygiene-clinical-at-cuyahoga-community-college-3662917790,"Department:
Health Careers & Sciences
Location:
Metropolitan Campus
Reports To:
Associate Dean
Recruitment Type:
External/Internal
Requisition ID:
req4462
Employment Type:
Part-Time Faculty
Union Position:
Non-Union
Work Schedule:
To be determined based on business unit needs. Classes may be offered during the day, evening and/or weekend. Please indicate your availability when applying for this position.
Job Description:
Provides clinical instruction in Dental Hygiene courses
Prepares and delivers learning activities in order to achieve course outcomes
Evaluates and grades students’ clinical performance, laboratory work, assignments, and projects
Maintains and submits student attendance records, grades and other required documentation by specified deadlines
Be available to students for coaching
Periodic meetings with supervisors, division, or College, relative to teaching duties and training and development
Required Qualifications:
Bachelor’s degree in a related discipline
Current Ohio Dental Hygiene License and Registered Dental Hygienist
Ability to administer local anesthesia
Three years of Periodontal experience
Demonstrated proficiency in Microsoft Office Suite (or equivalent)
Advanced communication (verbal, written and interpersonal) and organizational skills
Sensitivity to respond appropriately to the needs of a diverse population
Preferred Qualifications:
Expertise in teaching clinical dental hygiene and digital radiology
Special Note: This is a part-time (adjunct) faculty position. Adjunct faculty positions are ongoing pooled positions. Therefore, your materials will remain on file and be reviewed on an as needed basis.
In order to be considered for an Adjunct faculty position, these additional documents are required to be uploaded: Unofficial transcript & license/certifications (Based on requirements outlined in posting).
Special Instructions to Applicants:
During the application process, you may be required to attach a cover letter and/or resume. It is recommended that you have these documents ready to be attached electronically to the online application. This system accepts only MS Word or PDF attachments. Any employment with the College is contingent upon satisfactory completion of a background check and drug screen.
Affirmative Action Statement:
Cuyahoga Community College is committed to attaining excellence through the recruitment and retention of a qualified and diverse workforce. Cuyahoga Community College is an equal employment/educational opportunity institution.
Show more
Show less","Dental Hygiene, Microsoft Office Suite, Teaching, Clinical instruction, Evaluation, Grading, Student attendance records, Communication, Organizational skills, Sensitivity, Expertise, Digital radiology, Anesthesia, Periodontal experience, Bachelor's degree, Ohio Dental Hygiene License, Registered Dental Hygienist","['dental hygiene', 'microsoft office suite', 'teaching', 'clinical instruction', 'evaluation', 'grading', 'student attendance records', 'communication', 'organizational skills', 'sensitivity', 'expertise', 'digital radiology', 'anesthesia', 'periodontal experience', ""bachelor's degree"", 'ohio dental hygiene license', 'registered dental hygienist']"
https://www.linkedin.com/jobs/view/registered-nurse-rn-at-genesis-3781768147,"Benefits
*Nursing Student Loan Debt Repayment and Tuition Assistance
*Variable compensation plans
*Health, Dental, Vision, Company-paid life insurance, 401K, Paid Time Off
*Tuition, Travel, and Wireless Service Discounts
*Employee Assistance Program to support mental health
*Employee Foundation to assist financially with unforeseen hardships
*Diverse, Equitable, and Inclusive (DEI) workplace with DEI committee. DEI is a part of our company's DNA.
We also offer several voluntary insurances such as:
*Pet Insurance
*Term and Whole Life Insurance
*Short-term Disability
*Hospital Indemnity
*Personal Accident
*Critical Illness
*Cancer Coverage
Restrictions apply based on collective bargaining agreements, applicable state law and factors such as pay classification, job grade, location, and length of service.
Change the lives of our patients/residents and at the same time enjoy the rewards of fully knowing your patients/residents and their families as a Registered Nurse - RN. You will provide care for a variety of patients/residents with an array of complex diagnoses leading to enhanced knowledge and skills in many different areas.
Position Highlights
*Perform nursing assessments and collaborate with the nursing team, other disciplines, patients, and families to develop effective plans of care.
*Establish realistic, measurable short- and long-term patient goals with interventions put in place as needs arise to minimize rehospitalizations and continued evaluation of outcomes.
*Administer medications and performs treatments per physician orders.
*Delegate patient care responsibilities to staff and supervise them to ensure that tasks and interventions are implemented.
*Communicate patient information with assigned staff and between shifts.
Who We Are
Our employees are our most valuable resource. They are the service we provide and the product we deliver. Only through the talent and extraordinary dedication our employees bring to their jobs each and every day are we able to achieve our mission of delivering high quality healthcare and everyday compassion.
That's why our multifaceted culture is a place where employees can thrive. It is:
*Entrepreneurial. There is employee ownership to meet community post-acute, long-term care and senior living needs sparking innovation, creativity and collaboration.
*Integrous. We are guided by our Core Values, Code of Conduct and Ethics program.
*Progressive. We provide career ladders, education, and training opportunities so employees can build a long and successful career with us.
*Diverse, Equitable, and Inclusive. We foster an environment where our employees, patients, and visitors can be their authentic selves and feel celebrated and welcomed. DEI is in our DNA!
Show more
Show less","Nursing, Care, Patient Care, Collaboration, Communication, Medication Administration, Treatment Administration, Delegation, Supervision, Patient Assessment, Care Planning, Goal Setting, Evaluation, Teamwork, Ethics, Innovation, Creativity, Diversity, Equity, Inclusion","['nursing', 'care', 'patient care', 'collaboration', 'communication', 'medication administration', 'treatment administration', 'delegation', 'supervision', 'patient assessment', 'care planning', 'goal setting', 'evaluation', 'teamwork', 'ethics', 'innovation', 'creativity', 'diversity', 'equity', 'inclusion']"
https://www.linkedin.com/jobs/view/commercial-service-manager-will-train-at-rollins-inc-3766414099,"Overview
We’re the Industry Leader Because of Leaders Like You.
When you’re an Orkin Service Manager, you’re quality control, ensuring top-notch service from the industry leader with more than 120 years as the best in pests.
Our
Service Manager
is a “pro” at protecting homes and businesses and knows how to train and develop our Orkin Pros to do the same. You understand the balance between technical acumen and soft skills that builds customer trust. Your commitment to exceeding customer expectations inspires your team to deliver unparalleled service. Customer satisfaction translates into revenue growth—and you can earn your way to an annual rewards trip honoring top performers.
You’ll have
more than a job
—you’ll have a
career with growth potential and benefits
that go beyond the basics. This includes a company vehicle, competitive pay and a 401(k) program. Not to mention, you’ll receive
opportunities to volunteer and give back
.
With Orkin’s award-winning training program, you’ll
receive all the tools you need to succeed
. That means no industry experience required to start building your career. Plus, if there’s one thing we know at Orkin, it’s that pests keep coming back, and that makes our industry recession resistant.
Ready to start a career with staying power? Apply now!
https://www.youtube.com/watch?app=desktop&v=c8sA3tJt-MU&feature=youtu.be]
Responsibilities
As a
Service Manager
, you’ll be a leader in a high-performance culture. You’ll put your proven leadership skills to work in developing and motivating your team to deliver top-notch service to every customer. You’ll blend industry knowledge with interpersonal skills to demonstrate how to earn customer trust with know-how and empathy. An excellent communicator, you’re prepared for heavy customer and employee engagement. In addition to supporting the growth and success of the business, you’ll lend a hand with community service projects that improver where you live and work.
You will…
Lead an entire service operation upon completion of paid training
Motivate the service team to consistently provide world-class service
Assist with recruiting top talent on the service team
Train and develop Orkin Pros through hands-on management
Lead training meetings
Oversee our Orkin Pro Ride-A-Long program
Ensure customer expectations are met or exceeded through inspections, proposed course of action and delivery of outstanding customer service every time
Monitor scheduling, routing, and inventory to drive efficiencies and productivity
What type of benefits will you receive?
Competitive earnings and a company vehicle with gas card
Compensation is from $65,000 USD to $70,000 USD per year
Company provided iPhone and iPad with sales software
Comprehensive benefits package including medical, dental, vision, maternity, & life Insurance
401(k) plan with company match, employee stock purchase plan
Paid vacation, holidays, and sick leave
Employee discounts, tuition reimbursement, dependent scholarship awards
Industry leading, quality, comprehensive training program
Why should you choose Orkin?
Founded in 1901, Orkin is a global residential and business service provider who provides the most accurate, comprehensive, and efficient pest management services for both residential and commercial customers
The Pest Management Industry is growing - and is a recession resistant line of business
You have a service-oriented mindset that leads you to build loyalty and trust with clients
You hold yourself responsible to commitments
You value being part of a team
You want to join a company that supports the community
Orkin is financially stable and growing as the largest subsidiary of Rollins, , (NYSE: ROL), headquartered in Atlanta, GA
Are you ready to join the Best in Pests?
Qualifications
What do you need to be successful?
Sales experience preferred
High School Diploma or equivalent required
Valid driver’s license required with a good driving record
Ability to pass a drug screen and background check is required
Ability to obtain the appropriate pesticide license/certification if required (company paid)
Ability to work in the field independently and interact with our great clients
What will my work environment be like?
Candidates must meet physical job requirements and safely perform the job duties with or without accommodations:
Safely use a ladder within the manufacturer's weight capacity
Lift and carry up to 50 lbs.
Safely access crawl spaces, attics, confined spaces, roof tops, etc. including the ability to climb or balance and stoop, kneel, crouch, or crawl
Wear personal protective equipment (PPE) which sometimes requires an OSHA-compliant respirator
Willing to work in different types of weather conditions
Orkin is an Equal Opportunity/Protected Veterans/Individuals with Disabilities Employer
Show more
Show less","Service Management, Leadership, Team Development, Communication, Customer Service, Sales, High School Diploma, Driver's License, Pesticide License/Certification, Heavy Customer and Employee Engagement, Training and Development, Orkin Pro RideALong program, Scheduling, Routing, Inventory, Inspections, Proposed Course of Action, Productivity, Benefits Package, Medical, Dental, Vision, Maternity, Life Insurance, 401(k) Plan, Employee Stock Purchase Plan, Paid Vacation, Holidays, Sick Leave, Employee Discounts, Tuition Reimbursement, Dependent Scholarship Awards, Comprehensive Training Program, Interpersonal Skills, Empathy, Ability to Work Independently, Ability to Interact with Clients, Physical Job Requirements, Ladder Use, Lifting and Carrying, Crawl Space and Attic Access, Confined Space Access, Climbing, Balancing, Stooping, Kneeling, Crouching, Crawling, Personal Protective Equipment (PPE), OSHACompliant Respirator, Willingness to Work in Different Weather Conditions, Equal Opportunity Employer, Protected Veterans, Individuals with Disabilities","['service management', 'leadership', 'team development', 'communication', 'customer service', 'sales', 'high school diploma', ""driver's license"", 'pesticide license/certification', 'heavy customer and employee engagement', 'training and development', 'orkin pro ridealong program', 'scheduling', 'routing', 'inventory', 'inspections', 'proposed course of action', 'productivity', 'benefits package', 'medical', 'dental', 'vision', 'maternity', 'life insurance', '401(k) plan', 'employee stock purchase plan', 'paid vacation', 'holidays', 'sick leave', 'employee discounts', 'tuition reimbursement', 'dependent scholarship awards', 'comprehensive training program', 'interpersonal skills', 'empathy', 'ability to work independently', 'ability to interact with clients', 'physical job requirements', 'ladder use', 'lifting and carrying', 'crawl space and attic access', 'confined space access', 'climbing', 'balancing', 'stooping', 'kneeling', 'crouching', 'crawling', 'personal protective equipment (ppe)', 'oshacompliant respirator', 'willingness to work in different weather conditions', 'equal opportunity employer', 'protected veterans', 'individuals with disabilities']"
https://www.linkedin.com/jobs/view/rehabilitation-counselor-at-u-s-department-of-veterans-affairs-3799808872,"Summary
This is an
OPEN CONTINUOUS ANNOUNCEMENT
. The initial cut-off date for referral of eligible applications will be
January 19, 2024
and applicants will be referred on an 'as needed' basis thereafter.
NOTE
: Announcement will remain open through
April 5, 2024
, but may be extended if needed prior to the initial closing date.
Note
: Vacancies may not currently exist at all advertised locations, but may later occur prior to the closing date. Applicants will be notified at time of referral.
Learn more about this agency
Help
Duties
NOTE:
Applicants will remain active for 3 months after their initial application is received and/or updated. After that time, you must update your application through your USAJobs account if you would like to be made active again for possible consideration during the open period.
Rehabilitation counselor positions are funded as either permanent or temporary, depending on the location, and are integrated within substance use disorder treatment teams to provide evidence-based vocational rehabilitation services as part of VHA's Compensated Work Therapy Program.
VHA is recruiting for rehabilitation counselors as part of the President Biden Administration's priorities on substance use disorder (SUD) treatment and its emphasis on employment of persons in recovery from SUD. Rehabilitation Counselors in the Veterans Health Administration (VHA) work with persons who experience functional impairments and disabilities associated with mental health, physical, and/or psychosocial challenges affecting employment, independent living, or personal adjustment.
Duties include, but are not limited to the following:
Serves as an entry or journey level Rehabilitation Counselor providing personal adjustment counseling, therapeutic rehabilitation interventions, and case coordination services.
Provides Individual Placement and Support Supported Employment, integrated within a treatment team.
Uses evidence-informed and evidence-based modalities to aid Veterans with severe disabilities, such as physical, psychosocial, psychological, or neurological barriers, integrate successfully into the community. Serves Veterans who have myriad barriers to overcome and achieve competitive employment, educational, and independent living goals.
Uses effective counseling skills to promote self-awareness, adjustment to disability, enhanced job retention and successful integration to the community.
Conduct biopsychosocial assessments using medical records, pertinent disability documentation, observation and interviews with Veterans and their support systems to generate personal, vocational, and educational histories.
Selects, administers, and interprets vocational and other psychometric instruments to evaluate abilities, transferrable skills, functional capacity, labor market analyses, aptitudes, interests, values, preferences, and overall work resilience and synthesize into an interpretive data report.
Develop patient-centered treatment plans utilizing Specific, Measurable, Agreed upon, Realistic, and Time-based (SMART) goals and provides ongoing assessment of Veteran's progress.
Communicates appropriately with community health care professionals to provide useful input to other team members and employers concerning the Veteran and the family's psychosocial needs.
Utilizes knowledge of the military culture, military transition to civilian occupations, and specific factors and dynamics associated with Veterans, particularly combat Veterans, to advise those who are returning to the community, and community-based work.
Adheres to the professional rehabilitation standards of the Joint Commission and Commission for Accreditation Rehabilitation Facilities (CARF).
VA offers a
comprehensive total rewards package CLICK HERE TO FIND OUT MORE!:
https://vacareers.va.gov/wp-content/uploads/sites/5/Total-Rewards-of-an-Allied-Health-VA-Career-Brochure.pdf
Paid Time Off:
37-50 days of annual paid time offer per year (13-26 days of annual leave, 13 days of sick leave, 11 paid Federal holidays per year)
Parental Leave:
Up to 12 weeks of paid parental leave in connection with the birth, adoption, or foster care placement of a child.
Child Care Subsidy:
After 60 days of employment, full time employees with a total family income below $144,000 may be eligible for a child care subsidy up to 25% of total eligible childcare costs for eligible children up to the monthly maximum of $416.66.
Retirement:
Traditional federal pension (5 years vesting) and federal 401K with up to 5% in contributions by VA
Insurance:
Federal health/vision/dental/term life/long-term care (many federal insurance programs can be carried into retirement)
For More Information on Benefits:
Employment Benefits (va.gov)
Work Schedule
: A variety of work schedules are available; Work schedule will be discussed during interviews and determined upon selection.
NOTE:
May be expected to work rotating weekends and holidays.
Telework
: May be available for highly qualified candidates.
Virtual:
This is not a virtual position.
Functional Statement #
: Rehabilitation Counselor, FS #000000
Relocation/Recruitment Incentives
: Not Available
Permanent Change of Station (PCS):
Not Authorized
Financial Disclosure Report:
Not required
Help
Requirements
Conditions of Employment
You must be a U.S. Citizen to apply for this job.
Selective Service Registration is required for males born after 12/31/1959.
Must be proficient in written and spoken English.
You may be required to serve a probationary period.
Subject to background/security investigation.
Selected applicants will be required to complete an online onboarding process.
Must pass pre-employment physical examination.
Participation in the seasonal influenza vaccination program is a requirement for all Department of Veterans Affairs Health Care Personnel (HCP).
Participation in the Coronavirus Disease 2019 (COVID-19) vaccination program is a requirement for all Veterans Health Administration Health Care Personnel (HCP) - See ""Additional Information"" below for details.
Qualifications
Applicants pending the completion of educational or certification/licensure requirements may be referred and tentatively selected but may not be hired until all requirements are met. Applicants who meet the requirements for CRC but are not yet certified are eligible at the GS-9 level and have 2 years to attain certification.
Basic Requirements
:
United States Citizenship:
Non-citizens may only be appointed when it is not possible to recruit qualified citizens in accordance with VA Policy.
English Language Proficiency: Candidates will not be appointed under authority of 38 U.S.C. chapters 73 or 74, to serve in a direct patient-care capacity in VHA who is not proficient in written and spoken English.
Education:
A master's degree in rehabilitation counseling or clinical rehabilitation counseling from a rehabilitation counseling program accredited by the Council for Accreditation of Counseling and Related Educational Programs (CACREP). If the applicant's degree was granted prior to July 1, 2017, the program must be accredited by the Council on Rehabilitation Education. OR
A master's degree in counseling or clinical rehabilitation counseling from a college or university accredited by a national or regional accrediting body accredited by Council for Higher Education Accreditation (CHEA). OR
A master's or doctoral degree in a related field of study with course content that emphasized rehabilitation, counseling, disability, therapy, health, employment, wellness, or human development from a college or university accredited by a national or regional accrediting body accredited by CHEA.OR
Foreign graduates with a degree acceptable by the Commission on Rehabilitation Counselor Certification (CRCC)
Certification: Current, full and unrestricted certification as a certified rehabilitation counselor (CRC) from the CRCC to practice vocational rehabilitation counseling.
Exceptions for Graduate RCs:
RC graduates from an approved counseling or rehabilitation counseling program who otherwise meet the basic qualification requirements and the additional degree requirements for CRC certification by the CRCC, but do not possess the required certification, may be appointed, pending certification, as a graduate RC on a full-time temporary appointment not-to-exceed two years under the authority of 38 U.S.C. 7405(a)(1)(D).
Graduate RCs may only be appointed at the entry grade level and may not be promoted/converted until certification is obtained.
Temporary graduate RC appointments may not be extended beyond two years or converted to a new temporary appointment
May qualify based on being covered by the Grandfathering Provision as described in the VA Qualification Standard for this occupation (only applicable to current VHA employees who are in this occupation and meet the criteria).
Grade Determinations
:
In addition to the basic requirements you must meet the following requirements:
GS-9
Experience
: None beyond the basic requirements.
Knowledge, Skills and Abilities
: In addition to the experience or education above, the candidate must demonstrate the following KSAs:
Knowledge of human development and behavior, medical, psychosocial, and vocational aspects of disability and differential influences of environmental and cultural factors to assist persons with disabilities in determining suitable vocational goals.
Knowledge of history, philosophy and disability rights legislation in the field of rehabilitation to apply in the practice of rehabilitation counseling.
Ability to synthesize assessment and diagnosis information in conjunction with labor market trends and community/educational resources to develop an effective individual service delivery plan.
Knowledge of caseload management strategies to maximize an individual's independent functioning from assessment through provision of post-employment services.
Ability to employ person-centered job development strategies to facilitate successful job placement.
Knowledge of assessment tools and methods, functional capacity evaluations and specific vocational preparation to evaluate transferrable skills, residual capacities and needs for accommodations and assistive technology.
GS-11 (Full Performance Level):
Experience
: Completion of one year of professional experience equivalent to the next lower grade level directly related to the position being filled. Such experience would typically consist of: Provide vocational and personal adjustment counseling, case management and transferrable skills analyses to aid Veterans with severe disabilities in pursuit of their self-determined employment, educational and independent living goals; conduct assessments through record reviews, observations and interviews with Veterans and their support systems to generate and document personal, vocational and educational histories; Facilitating job placement for Veterans by teaching valuable job search skills, resume/application development, interview skills and basic computer skills; coordinating transportation to interviews/hiring events. (Experience must be well documented within resume) -
----- OR -------
Education
: A doctoral degree in rehabilitation counselor education or related field (e.g. rehabilitation psychology) from a CACREP accredited institution or from an institution accredited by a national or regional accrediting body accredited by CHEA.
Knowledge, Skills and Abilities
: In addition to the experience or education above, the candidate must demonstrate the following KSAs:
Knowledge of physical and psychological disabilities, appropriate accommodations and assistive technology principles to mitigate and reduce or eliminate barriers to integrate into the community.
Knowledge of counseling theory, medical and psychiatric terminology and sign and symptomology of suicidal and homicidal ideations, to communicate appropriately with community health care professionals to provide useful input to other team members and employers in relation to the Veteran and/or his/her family's psychosocial needs and to recommend and help implement suitable treatment plans.
Ability to use evidence-based and evidence informed vocational and professional counseling practices to include individual placement and support (IPS) customized employment and supported employment models and motivational interviewing skills to promote self-awareness, adjustment to disability, enhanced job retention and successful integration to the community.
Knowledge of career development processes and job analysis methodology to determine essential functions of jobs, worksite modifications and/or alternative vocational goals given the work history and residual functional capacities of individuals with disabilities.
Ability to administer and interpret a wide variety of assessment methods including transferrable skills and labor market analyses to evaluate for individual interests, aptitudes and abilities and to identify suitable vocational goals for the development of an effective individual service delivery plan.
Knowledge of marketing strategies to develop collaborative partnerships/Memorandums of Agreement within VA and local business community to enhance employment and/or work opportunities.
Knowledge of military culture and specific factors and dynamics associated with Veterans, particularly combat Veterans, to assist those who are returning to community and community based-work.
Preferred Experience:
Current, valid, drivers license.
References:
VA Handbook 5005/113, Part II, Appendix G62 Dated 7/21/2020.
Education
IMPORTANT:
A transcript must be submitted with your application if you are basing all or part of your qualifications on education.
VA Health Professional Trainees (HPT) applicants pending the completion of educational or certification/licensure requirements may be referred and tentatively selected but may not be hired until all requirements are met.
Note:
Only education or degrees recognized by the U.S. Department of Education from accredited colleges, universities, schools, or institutions may be used to qualify for Federal employment. You can verify your education here: http://ope.ed.gov/accreditation/. If you are using foreign education to meet qualification requirements, you must send a Certificate of Foreign Equivalency with your transcript in order to receive credit for that education. For further information, visit: http://www.ed.gov/about/offices/list/ous/international/usnei/us/edlite-visitus-forrecog.html.
Additional information
The full performance level of this vacancy is GS-11. The actual grade at which an applicant may be selected for this vacancy is in the range of GS-9 to GS-11.
Physical Requirements:
Light lifting (under 15 lbs.); light carrying (under 15 lbs.); reaching above shoulder; use of fingers; walking (intermittent); standing (intermittent); hearing (aid permitted); clear speech. The work is sedentary. Typically, the employee may sit comfortably to do the work. However, there may be some walking, standing, bending and carrying of light items like papers or books. Some work is provided in the local community. Must be able to access the community. No special physical demands are required to perform the work.
Receiving Service Credit or Earning Annual (Vacation) Leave: Federal Employees earn annual leave at a rate (4, 6 or 8 hours per pay period) which is based on the number of years they have served as a Federal employee. Selected applicants may qualify for credit toward annual leave accrual, based on prior work experience or military service experience. This credited service can be used in determining the rate at which they earn annual leave. Such credit must be requested and approved prior to the appointment date and is not guaranteed.
This job opportunity announcement may be used to fill additional vacancies.
This position is in the Excepted Service and does not confer competitive status.
VA encourages persons with disabilities to apply. The health-related positions in VA are covered by Title 38, and are not covered by the Schedule A excepted appointment authority.
Pursuant to VHA Directive 1193.01, VHA health care personnel (HCP) are required to be fully vaccinated against COVID-19 subject to such accommodations as required by law (i.e., medical, religious or pregnancy). VHA HCPs do not include remote workers who only infrequently enter VHA locations. If selected, you will be required to be fully vaccinated against COVID-19 and submit documentation of proof of vaccination before your start date. The agency will provide additional information regarding what information or documentation will be needed and how you can request a legally required accommodation from this requirement using the reasonable accommodation process.
If you are unable to apply online or need to fax a document you do not have in electronic form, view the following link for information regarding an Alternate Application.
Read more
Help A career with the U.S. government provides employees with a comprehensive benefits package. As a federal employee, you and your family will have access to a range of benefits that are designed to make your federal career very rewarding. Opens in a new windowLearn more about federal benefits.
Review our benefits
Eligibility for benefits depends on the type of position you hold and whether your position is full-time, part-time or intermittent. Contact the hiring agency for more information on the specific benefits offered.
Department of Veterans Affairs
Veterans Health Administration
National Recruitment Center, DC 00000
US
Show more
Show less",,[]
https://www.linkedin.com/jobs/view/psychologist-bhip-at-u-s-department-of-veterans-affairs-3757461542,"Summary
This position is eligible for
the Education Debt Reduction Program (EDRP),
a student loan payment reimbursement program. You must meet specific individual eligibility requirements in accordance with VHA policy and submit your EDRP application within four months of appointment.
Approval, award amount (up to $200,000) and eligibility period (one to five years) are determined by the VHA Education Loan Repayment Services program office after complete review of the EDRP application.
Learn more about this agency
Help
Duties
This psychologist is assigned professionally to the General Mental Health Section of the Psychology Service of the Phoenix VA Health Care System at the outpatient mental health clinic but may also include after-care and post-hospitalization clinical duties. It requires familiarity with a recovery orientation to the care and treatment of substance abuse, mental illness, and knowledge of evidence-based psychotherapies and techniques applicable to this setting.
Duties of the position include but are not limited to:
Providing a full range of psychological assessment services and diagnoses mental disorders, particularly for complex or unusually difficult patients with psychiatric disorders.
Providing education to patients, family members, and significant others. The psychologist will provide comprehensive, evidence-based psychotherapeutic EBP) interventions as described below: Within the Outpatient Mental Health setting, the psychologist will provide full-scale assessment and full-scale individual and group therapy using protocols such as Cognitive Behavior Therapy (CBT) for Depression and Insomnia, Cognitive Processing Therapy (CPT), Prolonged Exposure (PE), Acceptance and Commitment Therapy (ACT), Interpersonal Therapy for Depression (IPT), and/or Dialectical Behavior Therapy (DBT).
Providing consultation to professional staff within Phoenix VAMC or Community Based Outpatient Clinics (CBOCs) and to community providers, concerning clinical assessment findings and appropriate treatment plans for patients.
Assisting the Psychology Section Chief in the design, development, and implementation of clinical programs. Adhering to operational policies and procedures for health care as directed by the Medical Center and Psychology Department management.
Assisting the Psychology Section Chief in the execution of ongoing program evaluation and data-driven quality improvement projects to monitor the effectiveness of the clinical program.
Overseeing the establishment of program monitors and outcome and other local data source measurements if/when these become required for clinical performance and other outcome assessment or best practices guidelines, using a data-driven quality assurance process.
Work Schedule
: Monday - Friday, 7:30 a.m. through 4:00 p.m.
Compressed/Flexible
:Not available.
Telework
: Available to highly qualified candidates with supervisor approval based on the needs of the service.
Virtual:
This is not a virtual position.
Functional Statement #
: 0000
Relocation/Recruitment Incentives
: May be Authorized
EDRP Authorized:
Contact VISN22HREducationReimbursementTeam@va.gov, the EDRP Coordinator for questions/assistance. Learn more
Fi
nancial Disclosure Report:
Not required
Help
Requirements
Conditions of Employment
You must be a U.S. Citizen to apply for this job.
All applicants tentatively selected for VA employment in a testing designated position are subject to urinalysis to screen for illegal drug use prior to appointment. Applicants who refuse to be tested will be denied employment with VA.
Selective Service Registration is required for males born after 12/31/1959.
Must be proficient in written and spoken English.
You may be required to serve a probationary period.
Subject to background/security investigation.
Selected applicants will be required to complete an online onboarding process.
Participation in the seasonal influenza vaccination program is a requirement for all Department of Veterans Affairs Health Care Personnel (HCP).
Participation in the Coronavirus Disease 2019 (COVID-19) vaccination program is a requirement for all Veterans Health Administration Health Care Personnel (HCP) - See ""Additional Information"" below for details.
Qualifications
Citizenship. Citizen of the United States.
Licensure. Applicants must hold a full, current, and unrestricted license to practice psychology at the doctoral level in a State, Territory, or Commonwealth of the United States, or the District of Columbia. [Exception: Non-licensed applicants who otherwise meet the eligibility requirements may be given a temporary appointment as a ""graduate psychologist"" at the GS-11 or GS-12 grade under 38 U.S.C. 7405(c)(2)(B) not to exceed 2 years from date of employment on the condition that such a psychologist provide care only under the supervision of a psychologist who is licensed].
Education. Applicant must have a doctoral degree in psychology from a graduate program in psychology accredited by the American Psychological Association (APA), the Psychological Clinical Science Accreditation System (PCSAS), or the Canadian Psychological Association (CPA) at the time the program was completed. The specialty area of the degree must be consistent with the assignment for which the applicants are to be employed. For the purpose of meeting this requirement, the term ""specialty area"" refers to the specific specialty areas recognized by the accrediting body and not to specific job duties that might require special skills. Currently, APA accredits doctoral programs in the specialty areas of clinical psychology, counseling psychology, school psychology, or combinations of two or more of those areas. PCSAS accredits doctoral programs in psychological clinical science. CPA accredits doctoral programs in clinical psychology, counseling psychology, clinical neuropsychology, and school psychology; OR Have a doctoral degree in any area of psychology and, in addition, successfully complete a re-specialization program (including documentation of an approved internship completed as part of the re-specialization program) meeting both of the following conditions:
The re-specialization program must be completed in an APA or a CPA accredited doctoral program;
and
The specialty in which the applicant is retrained must be consistent with the assignment for which the applicant is to be employed. OR
Have a doctoral degree awarded between 1951 and 1978 from a regionally accredited institution, with a dissertation primarily psychological in nature.
AND
Internships. Applicants must have successfully completed a professional psychology internship training program that was accredited by APA or CPA at the time the program was completed and that is consistent with the assignment for which the applicant is to be employed OR
New VHA psychology internship programs that are in the process of applying for APA accreditation are acceptable in fulfillment of the internship requirement, provided that such programs were sanctioned by the VHA Central Office Program Director for Psychology and the VHA Office of Academic Affiliations at the time that the individual was an intern OR
VHA facilities that offered full-time, one-year pre-doctoral internships prior to PL 96-151 (pre-1979) are considered to be acceptable in fulfillment of the internship requirement OR
Applicants who completed an internship that was not accredited by APA or CPA at the time the program was completed may be considered eligible for hire only if they are currently board certified by the American Board of Professional Psychology in a specialty area that is consistent with the assignment for which the applicant is to be employed OR
Applicants who have a doctoral degree awarded between 1951 and 1978 from a regionally accredited institution with a dissertation primarily psychological in nature may fulfill this internship requirement by having the equivalent of a one-year supervised internship experience in a site specifically acceptable to the candidate's doctoral program. If the internship experience is not noted on the applicant's official transcript, the applicant must provide a statement from the doctoral program verifying that the equivalent of a one-year supervised internship experience was completed in a site acceptable to the doctoral program.
Grade Determinations:
GS-11 Experience:
None beyond the basic requirements listed above.
GS-12 Experience:
Applicants must have at least 1 year of experience as a professional psychologist equivalent to the next lower grade level (GS-11). In addition, the candidate must demonstrate the following KSAs:
Knowledge of and ability to apply a wide range of professional psychological treatments or assessment methods to a variety of patient populations.
Ability to design and implement effective treatment strategies.
Ability to incorporate new clinical procedures.
Ability to conduct research activities, such as designing and implementing clinical research projects (staff psychologists with specified research job duties).
Ability to perform basic research tasks of scholarship and research execution within the context of an established research team, including research participant relations, research documentation, data acquisition, maintenance, and collaboration.
GS-13 Experience:
Applicants must have at least 2 years of experience as a professional psychologist, with at least one year equivalent to the GS-12 level. In addition to the experience above, the candidate must demonstrate the following KSAs:
Knowledge of, and ability to apply, professional psychological treatments to the full range of patient populations.
Ability to provide professional advice and consultation in areas related to professional psychology and behavioral health.
Knowledge of clinical research literature.
The full performance level of this vacancy is GS-13. The actual grade at which an applicant may be selected for this vacancy is in the range of GS-11 to GS-13.
References:
VA Handbook 5005/103, Part II, Appendix G18, Psychologist Qualification Standard GS-180 Veterans Health Administration.
Physical Requirements:
The work requires the Staff Psychologist to be independently mobile throughout the medical center as needed. Significant time is spent reading (charts, reports, etc.), documenting in the computerized patient record, and verbally communicating with patients, colleagues, supervisors and/or community partners. Some standing, walking, bending, pushing, and lifting (moderately heavy) may be involved. S/he should be capable of prolonged movement and be physically capable of reading patient records/reports, documenting all clinical encounters in the patient computerized record.
VA HANDBOOK 5005/106, PART II, APPENDIX G43 dated April 3, 2018.
The full performance level of this vacancy is GS-13. The actual grade at which an applicant may be selected for this vacancy is in the range of GS-11 to GS-13.
Education
IMPORTANT:
A transcript must be submitted with your application if you are basing all or part of your qualifications on education.
Note:
Only education or degrees recognized by the U.S. Department of Education from accredited colleges, universities, schools, or institutions may be used to qualify for Federal employment. You can verify your education here: http://ope.ed.gov/accreditation/. If you are using foreign education to meet qualification requirements, you must send a Certificate of Foreign Equivalency with your transcript in order to receive credit for that education. For further information, visit: http://www.ed.gov/about/offices/list/ous/international/usnei/us/edlite-visitus-forrecog.html.
Additional information
Receiving Service Credit or Earning Annual (Vacation) Leave: Federal Employees earn annual leave at a rate (4, 6 or 8 hours per pay period) which is based on the number of years they have served as a Federal employee. Selected applicants may qualify for credit toward annual leave accrual, based on prior work experience or military service experience. This credited service can be used in determining the rate at which they earn annual leave. Such credit must be requested and approved prior to the appointment date and is not guaranteed.
This job opportunity announcement may be used to fill additional vacancies.
This position is in the Excepted Service and does not confer competitive status.
VA encourages persons with disabilities to apply. The health-related positions in VA are covered by Title 38, and are not covered by the Schedule A excepted appointment authority.
Pursuant to VHA Directive 1193.01, VHA health care personnel (HCP) are required to be fully vaccinated against COVID-19 subject to such accommodations as required by law (i.e., medical, religious or pregnancy). VHA HCPs do not include remote workers who only infrequently enter VHA locations. If selected, you will be required to be fully vaccinated against COVID-19 and submit documentation of proof of vaccination before your start date. The agency will provide additional information regarding what information or documentation will be needed and how you can request a legally required accommodation from this requirement using the reasonable accommodation process.
If you are unable to apply online or need to fax a document you do not have in electronic form, view the following link for information regarding an Alternate Application.
Read more
Help A career with the U.S. government provides employees with a comprehensive benefits package. As a federal employee, you and your family will have access to a range of benefits that are designed to make your federal career very rewarding. Opens in a new windowLearn more about federal benefits.
Review our benefits
Eligibility for benefits depends on the type of position you hold and whether your position is full-time, part-time or intermittent. Contact the hiring agency for more information on the specific benefits offered.
Carl T Hayden Veterans' Administration Medical Center
650 East Indian School Road
Phoenix, AZ 85012
US
Show more
Show less","Recovery Orientation, Substance Abuse Treatment, Mental Illness, EvidenceBased Psychotherapies, Cognitive Behavior Therapy (CBT), Cognitive Processing Therapy (CPT), Prolonged Exposure (PE), Acceptance and Commitment Therapy (ACT), Interpersonal Therapy for Depression (IPT), Dialectical Behavior Therapy (DBT), Psychological Assessment, Mental Disorder Diagnosis, Patient Education, Therapeutic Interventions, Consultation, Program Development, Program Implementation, Clinical Program Evaluation, DataDriven Quality Improvement, Quality Assurance, Psychology, Doctoral Degree, Clinical Psychology, Counseling Psychology, School Psychology, American Psychological Association (APA), Psychological Clinical Science Accreditation System (PCSAS), Canadian Psychological Association (CPA), Research Experience, Scholarship, Research Execution, Patient Record Documentation, Physical Mobility, Reading, Writing, Communication, Lifting, Standing, Walking, Bending, Pushing","['recovery orientation', 'substance abuse treatment', 'mental illness', 'evidencebased psychotherapies', 'cognitive behavior therapy (cbt)', 'cognitive processing therapy (cpt)', 'prolonged exposure (pe)', 'acceptance and commitment therapy (act)', 'interpersonal therapy for depression (ipt)', 'dialectical behavior therapy (dbt)', 'psychological assessment', 'mental disorder diagnosis', 'patient education', 'therapeutic interventions', 'consultation', 'program development', 'program implementation', 'clinical program evaluation', 'datadriven quality improvement', 'quality assurance', 'psychology', 'doctoral degree', 'clinical psychology', 'counseling psychology', 'school psychology', 'american psychological association (apa)', 'psychological clinical science accreditation system (pcsas)', 'canadian psychological association (cpa)', 'research experience', 'scholarship', 'research execution', 'patient record documentation', 'physical mobility', 'reading', 'writing', 'communication', 'lifting', 'standing', 'walking', 'bending', 'pushing']"
https://www.linkedin.com/jobs/view/psychologist-l-ii-grant-funded-%e2%80%93-act-program-1-at-nyc-health-%2b-hospitals-3799461026,"About NYC Health + Hospitals
Woodhull Medical and Mental Health Center is attuned to the healthcare issues that matter to the people of North Brooklyn. Woodhull focuses on preventing disease and promoting healthy lifestyles by reaching out to the community at 15 convenient locations.
Woodhull Medical and Mental Health Center is a non-smoking facility.
At NYC Health + Hospitals, our mission is to deliver high quality care health services, without exception. Every employee takes a person-centered approach that exemplifies the ICARE values (Integrity, Compassion, Accountability, Respect, and Excellence) through empathic communication and partnerships between all persons.
Job Description
Under the supervision of the Director of Psychological Services the Psychologist Level 2 performs the following tasks:
Acts as Primary Therapist for patients in the ACT program.
Documents all interventions, plan of care and continuing care plans in patient's medical record in accordance with program policies.
Completing Screening forms, Intake forms, Databases, Contact/Progress Notes, Referral/Disposition Summaries and other necessary paperwork.
Participates in clinical and administrative supervision.
Provide individual and group therapy for ACT patients.
Provide mobile crisis intervention for ACT patient, as needed.
Keeps accurate record of treatment interventions while the patient is in treatment.
Meet productivity and service intensity standards to achieve billing and revenue goals of the department.
Ensures compliance with all regulatory requirements including JCAHO, NYS OMH, NYC DMH, and HHC Board of Directors.
Other duties as assigned.
Minimum Qualifications
SPECIAL NOTE # = Additional Requirements for Assignment Level II (Effective September 25, 1998)
A. A Doctoral Degree in clinical Psychology, Counseling Psychology, School Psychology, Forensic Psychology, Clinical Health Psychology or Neuro-Psychology, awarded upon completion of a Doctoral Program in Psychology registered by the New York State Department of Education and designated as licensure qualifying; and
B. One additional year of satisfactory full-time experience, either as a Psychologist for the City of New York, or in a supervisory capacity in Clinical Psychology, Counseling Psychology, School Psychology, Forensic Psychology, Clinical Health Psychology or Neuro-Psychology in an approved agency or institution. Employees who complete their Doctoral Degree requirements on or after October 1, 1992 must have at least one year of qualifying experience gained after the completion of all Doctoral Degree requirements; and
In the New York City Health and Hospitals Corporation Only
* Effective September 25, 1998, appointments to Assignment Level II require 1) a Ph.D. as outlined in A above; and 2) one year of qualifying experience as outlined in B above.
C. License Requirements for Assignment Level II
1. In the New York City Departments of Mental Health, Mental Retardation and
Alcoholism Services, Police and Fire, and those programs functionally transferred to the New York City Health and Hospitals Corporation from the New York City Department of Mental Health, Mental Retardation and Alcoholism Services, a valid license as a Psychologist issued by the New York State Department of Education.
2. In agencies not noted in C. (1.) above, a valid license as a Psychologist issued by the New York State Department of Education within one year of the date of assignment. At the discretion of the appointing agency, the period to obtain the license may be extended for up to six months for employees who fail to obtain the license within one year of their assignment. Once obtained, this license must be maintained for the duration of the assignment.
How To Apply
If you wish to apply for this position, please apply online by clicking the ""Apply Now"" button.
NYC Health and Hospitals offers a competitive benefits package that includes:
Comprehensive Health Benefits for employees hired to work 20+ hrs. per week
Retirement Savings and Pension Plans
Loan Forgiveness Programs for eligible employees
Paid Holidays and Vacation in accordance with employees' Collectively bargained contracts
College tuition discounts and professional development opportunities
Multiple employee discounts programs
Show more
Show less","Clinical Psychology, Counseling Psychology, Forensic Psychology, JCAHO, NYS OMH, NYC DMH, HHC Board of Directors, Psychology, School Psychology, NeuroPsychology, Clinical Health Psychology, Doctoral Degree","['clinical psychology', 'counseling psychology', 'forensic psychology', 'jcaho', 'nys omh', 'nyc dmh', 'hhc board of directors', 'psychology', 'school psychology', 'neuropsychology', 'clinical health psychology', 'doctoral degree']"
https://www.linkedin.com/jobs/view/prosthodontist-periodontist-at-dental-care-alliance-3799123953,"Overview
Daily Compensation (based on production) range could be from $3,000 - $5,000
Are you a highly skilled and passionate Prosthodontist/Periodontist looking to elevate your career? Scharf Periodontics, a leading dental practice in Babylon, NY, is seeking a dynamic professional to join our esteemed team. This is an exceptional opportunity to work in a state-of-the-art facility, collaborate with a team of experts, and make a lasting impact on the lives of our patients.
About Us
Scharf Periodontics is a cutting-edge dental practice committed to delivering unparalleled care in periodontics and prosthodontics. We pride ourselves on our commitment to excellence, patient-centric approach, and a collaborative, supportive team environment. Our practice is equipped with the latest technology and fosters a culture of continuous learning and professional growth.
If you are a talented Prosthodontist/Periodontist ready to take your career to the next level, we invite you to join our elite team at Scharf Periodontics.
Responsibilities
Provide exceptional prosthodontic and periodontic care to patients, ensuring the highest standards of clinical excellence.
Collaborate with our multidisciplinary team to develop comprehensive treatment plans that address the unique needs of each patient.
Utilize state-of-the-art diagnostic tools and technology to enhance treatment outcomes.
Stay abreast of the latest advancements in prosthodontics and periodontics through continuous education and training.
Qualifications
DMD or DDS degree from an accredited dental school.
Board certification in Prosthodontics and/or Periodontics.
State licensure and eligibility for New York dental licensure.
Proven experience in providing high-quality prosthodontic and periodontic care.
Strong interpersonal and communication skills.
At DCA we dont just accept differences we celebrate them and recognize the value this brings to our patients and employees. DCA is proud to be an equal opportunity workplace. Equal opportunity and consideration are afforded to all qualified applicants and employees. We won't unlawfully discriminate on the basis of gender identity or expression, race, ethnicity, religion, national origin, age, sex, marital status, physical or mental disability, Veteran status, sexual orientation, and any other category protected by law.
The DCA team is best characterized by the relationships we have with our patients and each other. We embrace collaboration which is necessary to innovate in todays changing world of dentistry . Our culture encourages participation, diversity of thought, innovation, and strong execution.Go further with an Ally
Employment Type: Full Time
Show more
Show less","Prosthodontics, Periodontics, Stateoftheart diagnostic tools, Technology, Multidisciplinary team, Comprehensive treatment plans, Patientcentric approach, DMD or DDS degree, Board certification in Prosthodontics and/or Periodontics, New York dental licensure, Highquality prosthodontic and periodontic care, Interpersonal and communication skills, Collaboration, Innovation, Diversity of thought, Strong execution","['prosthodontics', 'periodontics', 'stateoftheart diagnostic tools', 'technology', 'multidisciplinary team', 'comprehensive treatment plans', 'patientcentric approach', 'dmd or dds degree', 'board certification in prosthodontics and/or periodontics', 'new york dental licensure', 'highquality prosthodontic and periodontic care', 'interpersonal and communication skills', 'collaboration', 'innovation', 'diversity of thought', 'strong execution']"
https://www.linkedin.com/jobs/view/mental-health-residential-counselor-pt-swing-shift-at-stars-behavioral-health-group-3690833934,"Partner with us in making a positive change!
Join a community that’s changing mental healthcare for the better. We have been certified as a Great Place to Work by our own employees for over 5 years running. Looking forward to your partnership in making a difference with us!
Job Title
Recovery Counselor
Division/Program
Central Star- Olive View CRTP
Starting Rate
$20-$21
Working Location:
Sylmar, CA
Working Hours/Shift
PM Sat & Sun 3pm-11:30pm
What SBHG Brings To You (benefits)
Competitive compensation
Company paid benefits package including medical, dental and vision and many other voluntary benefits for employees
Generous vacation and holiday pay
On the job training including paid CEU opportunities and career development
AMFT, ACSW and APCC’s receive supervision for BBS hours (when applicable)
Click here to learn more: https://www.starsinc.com/careers/employee-benefits
What You Bring To SBHG (Qualifications)
Successfully completing a pre-employment Health Screening and a TB clearance
Receipt of “clear” or approved Live Scan results and Criminal Background Clearance
High School Diploma or General Education Development (GED)
Minimum of one year of full-time experience performing non-professional, consumer directed services in a mental health, health care or social service agency.
Certification as Nurse’s Assistant (optional) Valid California Driver's License – may be required
Valid California Class “B” Driver’s License preferred.
SERV Safe Food Handler Certification
First Aid certification from persons qualified by agencies including but not limited to the American Red Cross.
How You Will Make a Difference (Job Overview)
The Recovery Counselor is a para-professional treatment team member who is responsible for providing direct care to meet the physical and psychosocial needs of the clients through direct and indirect physical and verbal interaction. Ensure that all safety regulations are followed, and the facilities are maintained in a safe and clean manner. Assist with client laundry, household cleaning and other tasks as needed. This position performs a variety of tasks to ensure that the facility is in a clean, orderly, sanitary, and attractive condition. Duties are performed under direct supervision of the Program Manager, or designee in most cases, but some tasks are accomplished independently.
Division/Program Overview
16-bed facilities
Designed for adults with mental health challenges or a recent crisis who need intensive treatment.
24/7 programs as an alternative to urgent care or hospitalization.
Individuals can live on-site in a homelike setting for a short term while they receive counseling and learn basic living and interpersonal skills.
Able to receive physical and psychological evaluation, mental health, and case management services, in addition to assistance locating permanent housing.
Learn more about SBHG at
: https://www.starsinc.com/stars-inc/
For Additional Information
samlopez@starsinc.com
SBHG and its affiliates acknowledge all COVID 19 vaccination guidelines and mandates recommended by the State of California Department of Public Health. For more details, please see: https://covid19.ca.gov/workers-and-businesses/#vaccination-testing-requirements
Grade pay range: 17.71 - 24.79 USD Hourly
Show more
Show less","Recovery Counseling, First Aid Certification, SERV Safe Food Handler Certification, Nurse’s Assistant (optional), Valid California Class “B” Driver’s License (preferred), High School Diploma or General Education Development (GED), Nonprofessional consumer directed services experience","['recovery counseling', 'first aid certification', 'serv safe food handler certification', 'nurse’s assistant (optional)', 'valid california class “b” driver’s license (preferred)', 'high school diploma or general education development (ged)', 'nonprofessional consumer directed services experience']"
https://au.linkedin.com/jobs/view/radiologist-hybrid-fellowship-advanced-training-in-msk-at-i-med-radiology-network-3784404121,"About This Role
I-MED Radiology Network would like to extend a warm invitation to you to build your skills and broaden your horizons with our Hybrid Fellowship Program in Albury, New South Wales.
I-MED offer six or twelve month Fellowship programs to set you up for success in your career as a radiologist. These are offered in a “hybrid” format, with a combination of dedicated Fellowship and Consultancy time. This gives you the opportunity to work with some of Australia's leading imaging specialists, as well as experience our culture.
Hybrid Fellowship; Advanced Training in MSK
The Albury-based MSK Fellowship has been in place for more than 15 years. The Albury clinic performs more than 10,000 MSK examinations annually with a mixture of MRI, CT, ultrasound and fluoroscopy.
Focus on musculoskeletal MRI including knee, shoulder, hip, wrist, elbow and foot/ankle
Imaging-guided interventional procedures include MR arthrograms, US guided therapeutic injections (joints, bursae, ganglia, tendons/ sheaths, ligaments, carpal tunnel), and a range of spinal procedures (facet joint injections, nerve root blocks, discography, vertebroplasty)
Attendance at weekly orthopaedic surgical meetings The position offers full supervision in private and public hospital-based practice with a supportive team of experienced radiologists.
The position offers full supervision in private and public hospital-based practice with a supportive team of experienced radiologists.
Why choose I-MED?
For any recent Fellow of RANZCR looking to gain some experience, the question of where to pursue your Fellowship training is a major decision.
With our extensive network of private practices, we are well placed to offer the radiologist seeking sub-specialty training a myriad of opportunities.
Highlights
A truly tailored program
Industry-leading flexibility
Supervision from our senior radiologists
No weekend or on-call commitments
State of the art suite of AI tools
Exceptional earning potential
Professional development
Formal and informal education sessions
Workshops and webinars
Access to high quality learning resources
Support for courses and conference attendance
Build your career
As you advance you will gain experience in:
Medicare and private practice
Business acumen training
Fostering clinical leadership
On and off-site reporting
Clinical and non-clinical skills
Our suite of AI tools
Our IT systems
A variety of work environments
Modern network of suburban clinics and specialist precincts
Public and private hospital sites
Optional locum opportunities
Optional weekend work
Working from home
For a confidential discussion about our Hybrid Fellowships, Fellowship Certificate Program and career opportunities with I-MED, please submit your CV and contact details and one of our experienced team members will be in touch to discuss further.
Show more
Show less","Radiology, Musculoskeletal MRI, Imagingguided interventional procedures, Orthopaedic surgery, Medicare, Private practice, Business acumen, Clinical leadership, AI tools, IT systems, Suburban clinics, Specialist precincts, Public and private hospital sites, Locum, Weekend work, Working from home","['radiology', 'musculoskeletal mri', 'imagingguided interventional procedures', 'orthopaedic surgery', 'medicare', 'private practice', 'business acumen', 'clinical leadership', 'ai tools', 'it systems', 'suburban clinics', 'specialist precincts', 'public and private hospital sites', 'locum', 'weekend work', 'working from home']"
https://www.linkedin.com/jobs/view/quality-assurance-specialist-at-kirby-risk-3779457538,"QUALITY CONTROL SPECIALIST
Are you a self-starter who thrives in a fast-paced environment? Are you able to shift priorities on a moment's notice? Do you have a passion for Quality?
You may be our next
Quality Control Specialist for Kirby Risk Service Center in Lafayette, IN!
Primary Responsibilities:
Analyze product rejections to create and implement effective corrective and preventive actions
Respond to customer requests for disciplinary action
Provide Quality support to production associates
Perform pin tests with PRL PEG when required
Work with Production Teams for NCM Root Cause analysis
Manage RMAs – Returned Non-Conforming Materials/8Ds/Create Quality Alerts/ Create Rework jobs in Syteline
Want to know if you are a good fit? If so, you will meet the following criteria:
College degree or 3+years of equivalent work experience
Experience with Quality Control in a manufacturing environment
Advanced interpersonal, leadership, and customer contact skills
Can read and interpret blueprints
Experience with Microsoft Office
Ability to adjust and shift focus efficiently to changing priorities
Hours and Travel:
7:00 am - 4:00 pm Monday-Friday. Overtime as needed. Minimal travel for service trips.
How to apply:
To be considered for this position, please apply online: https://www.kirbyrisk.com/careers. Email questions to careers@kirbyrisk.com
WHEN APPLYING, PLEASE MENTION WHERE YOU SAW OUR AD
We will acknowledge all resumes received via email and respond to requests for help to complete your application. Please note:
You must have legal status that enables you to work in the U.S. We cannot obtain sponsorship.
To be considered for a role, candidates must meet the minimum qualifications.
Equal Opportunity Employer
Please get to know us at
www.kirbyrisk.com. or via LinkedIn: https://www.linkedin.com/company/kirby-risk/
A Safe Workplace is a Drug-Free Workplace
Show more
Show less","Quality Control, Analytical Skills, Customer Service, Troubleshooting, Root Cause Analysis, Syteline, Quality Alerts, Microsoft Office, Blueprint Reading, Problem Solving, Interpersonal Skills, Leadership, Manufacturing Experience","['quality control', 'analytical skills', 'customer service', 'troubleshooting', 'root cause analysis', 'syteline', 'quality alerts', 'microsoft office', 'blueprint reading', 'problem solving', 'interpersonal skills', 'leadership', 'manufacturing experience']"
https://www.linkedin.com/jobs/view/clinical-psychologist-military-veteran-at-veteran-staffing-network-3799135725,"Job Description
Seeking a US Veteran, National Guardsman, Reservist, and/or Military Spouse to apply for a
Clinical Psychologist
position with The Steven A. Cohen Military Family Clinic at Easterseals. The Steven A. Cohen Military Family Clinic (Cohen Clinic) at Easterseals provides high-quality and accessible behavioral healthcare focused on post-9/11 veterans, active-duty service members, their families, and caregivers. Our services are available to any person who served in the U.S. Armed Forces, including the National Guard and Reserves, regardless of role or discharge status.
The Cohen Clinic uses evidence-based practices with a holistic approach to improve the quality of life for people with military backgrounds and their families. Services are provided by trained and credentialed staff. We treat individuals, couples, families, and children aged 4 years and older. Appointments are available for in-person care and by telehealth.
Pay: $110
,000-$135,000/year
Schedule:
40 hours | 4 days at clinic, one day (Mon or Fri) remote; one evening per week.
Clinic Hours:
Monday/Tuesday 8:00am-7:00pm, Wednesday/Thursday 8:00am-8:00pm, Friday 8:00am-3:00pm
Responsibilities: Veteran Military
Provides evidence-based treatment and assessment for veterans and their families.
Performs and documents patient’s screenings, psychosocial assessments, and progress and referral information. Conducts clinical intake assessments on veterans and family members as needed. Provides individual, couples, and family psychotherapy to patients, with a focus on delivering evidence-based treatments.
Collaborates and coordinates with the caregiver, physician, director, case management and all other disciplines to provide the best care to patients as needed.
Attends weekly clinical, supervision, and administrative meetings.
Provides services via telehealth platform, as required.
Assists with training and research.
Provision of occasional community presentations related to the mission of the clinic
Performs other duties as assigned.
Requirements: Veteran Military
A Doctor of Philosophy (Ph.D.) or (Psy.D.) degree in clinical or counseling psychology from an APA accredited psychology program. Shall have completed an APA accredited internship/residency in professional psychology required.
Training and expertise in evidenced-based psychotherapies preferred.
Experience across a range of modalities beyond individual adult treatment to include child, couples, family, and group treatment is preferred.
Must have experience treating and diagnosing posttraumatic stress as well as comorbid diagnoses (e.g., anxiety), with evidence-based treatments and providing clinical supervision in these areas required.
Experience working with a military or veteran population is preferred.
3+ years of clinical experience is preferred.
Experience utilizing an electronic health record is required.
Competencies: Veteran Military
Able to establish positive and productive working relationships; Able to generate trust; Able and willing to give and receive honest, balanced feedback.
Awareness of and responsiveness to cultural considerations including race and ethnicity, gender, sexual orientation, and religion/spirituality.
Ability to communicate clearly and effectively via oral or written means. Ability to present a friendly and positive demeanor to veterans, their families, staff, clinic support personnel, funders, and the general public. Ability to make oral presentations.
Ability to remain calm and maintain self-control in the midst of difficult circumstances and emergencies. Ability to respond in a professional manner in all situations.
Ability to think analytically and evaluate the impact of case management recommendations. Ability to set work priorities and to evaluate and create solutions to work related problems.
Ability to negotiate veterans or their family members down from stressful situations, potential threatening behaviors. Ability to persuade clients to make appropriate life decisions.
Interest, desire and passion in providing high quality evidence-based, time-limited
The company is an equal opportunity employer and will consider all applications without regard to race, color, religion, sex, sexual orientation, gender identity, national origin, age, veteran status, disability, or any other characteristic protected by law.
Company Description
The Veteran Staffing Network (VSN) at Easterseals is a nonprofit staffing agency that connects employers with top-tier military talent and helps veterans and their spouses find meaningful jobs.
The Veteran Staffing Network (VSN) at Easterseals is a nonprofit staffing agency that connects employers with top-tier military talent and helps veterans and their spouses find meaningful jobs.
Show more
Show less","Clinical Psychologist, Behavioral Healthcare, EvidenceBased Practices, Holistic Approach, Telehealth, Veteran Military, APA Accredited Psychology Program, Clinical or Counseling Psychology, APA Accredited Internship/Residency, Psychotherapies, PTSD, Comorbid Diagnoses, Cultural Considerations, Electronic Health Record, Positive Working Relationships, Trust, Honest Feedback, Cultural Awareness, Communication Skills, Oral Presentations, SelfControl, ProblemSolving, Negotiation, Persuasion, EvidenceBased Treatment","['clinical psychologist', 'behavioral healthcare', 'evidencebased practices', 'holistic approach', 'telehealth', 'veteran military', 'apa accredited psychology program', 'clinical or counseling psychology', 'apa accredited internship/residency', 'psychotherapies', 'ptsd', 'comorbid diagnoses', 'cultural considerations', 'electronic health record', 'positive working relationships', 'trust', 'honest feedback', 'cultural awareness', 'communication skills', 'oral presentations', 'selfcontrol', 'problemsolving', 'negotiation', 'persuasion', 'evidencebased treatment']"
https://www.linkedin.com/jobs/view/quality-assurance-rn-lpn-part-time-at-purposecare-3804475846,"Quality Assurance LPN / Part Time
Monday - Friday
Office Hours: 8:30am - 5pm
No weekends / No nights
Are you searching for a Purpose ? PurposeCare is Bringing Healthcare Home, and we want you to join our family!
Newsome Home Health, a PurposeCare company
and its
affiliate companies
are looking for qualified, dependable, honest, reliable, Quality Assurance LPN to care for the needs of our clients. We have immediate openings for LPNs who can provide high-quality care for our community’s most vulnerable.
PurposeCare
is a leading provider of home care and home health services in the Midwest and provides home-based care services to more than 3,000 clients a month carefully coordinated to keep clients healthy and safe at home. With excellent caregivers and innovative technology, PurposeCare ensures that our most vulnerable are provided with the support necessary to live full lives in their community. Your Care is Our Purpose.
As a Growing Company We Provide
A rewarding career making a difference, changing lives & communities
Schedule Flexibility
Ongoing growth, training & professional development
Mentor, office position & referral programs
Opportunity to apply for positions at our other PurposeCare locations
Our PurposeCare Family Is Eligible For The Following
Medical & Prescription Drug Plan
Telehealth
Dental
Vision
401K with a match
Life Insurance
Short- & Long-Term Disability Insurance
Qualifications And Requirements
Current license with the state Board of Nursing
1 year of nursing experience is required - home health and OASIS experience preferred
Ability to perform tasks involving physical activity, which may include heavy lifting up to 50 lbs, bending, and standing
Current Driver’s License, vehicle insurance, and access to a dependable vehicle or public transportation
Ability to successfully complete a background check, professional reference check, and drug/alcohol screening test
EEOC Statement: All employment decisions at PurposeCare are based on business needs, job requirements, and individual qualifications. Qualified candidates are recruited without regard to age, race, color, national origin, gender, and sex.
Show more
Show less","Nursing, Healthcare, Home Health, OASIS, Patient Care, Physical Activity, Driving, Background Check, Reference Check, Drug/Alcohol Screening","['nursing', 'healthcare', 'home health', 'oasis', 'patient care', 'physical activity', 'driving', 'background check', 'reference check', 'drug/alcohol screening']"
https://www.linkedin.com/jobs/view/local-contract-rn-quality-assurance-covid19-coronavirus-at-leaderstat-3805746595,"Leaderstat - Post Acute Travelers is seeking a local contract nurse RN Quality Assurance for a local contract nursing job in San Fransisco, California.
Job Description & Requirements
Specialty: Quality Assurance
Discipline: RN
Start Date: 01/22/2024
Duration: 42 weeks
40 hours per week
Shift: 8 hours, days
Employment Type: Local Contract
Perks: A hybrid combination of Remote/Work from home, and onsite duties. *8-hour days only Monday through Friday* No holidays or nights! No on-call!
A hybrid combination of Remote/Work from home, and onsite duties. *8-hour days only Monday through Friday* No holidays or nights! No on-call!
LeaderStat is seeking nurses who are passionate about the benefits of vaccination and want to help residents in the nursing home space maintain or increase their levels of protection.
Show more
Show less","Quality Assurance, RN, Remote work, Work from home, Monday through Friday, No holidays, No nights, No oncall, Vaccination, Nursing home","['quality assurance', 'rn', 'remote work', 'work from home', 'monday through friday', 'no holidays', 'no nights', 'no oncall', 'vaccination', 'nursing home']"
https://www.linkedin.com/jobs/view/test-lead-automation-at-hexaware-technologies-3802139881,"HIR ING
Job Skills
Automation Testing - Selenium, Automation Testing, Testing
Description
ETL Automation SDET
Strong Data Testing Automation experience
Good Coding experience with Python or Java
Strong Test automation working experience in AWS, BDD (Behave, Cucumber, Gherkins)
Strong automation experience in data related projects not UI
Show more
Show less","Selenium, Automation testing, Testing, ETL automation, Data testing automation, Python, Java, BDD, Behave, Cucumber, Gherkins, Data automation","['selenium', 'automation testing', 'testing', 'etl automation', 'data testing automation', 'python', 'java', 'bdd', 'behave', 'cucumber', 'gherkins', 'data automation']"
https://www.linkedin.com/jobs/view/psychology-2023-24-clinical-track-faculty-pool-at-the-university-of-texas-at-austin-3710696157,"Description
The Department of Psychology at The University of Texas at Austin seeks to develop a pool of candidates for possible temporary/nontenure-track clinical faculty positions. Clinical faculty positions will include clinical instruction (teaching), service, research/scholarship, or clinical practice, depending upon the assignment. Positions are not available every semester and are contingent upon student enrollment and the availability of funding. Appointments are usually made on a semester-by-semester basis, although a year-long appointment can be made. Positions are renewable annually, contingent upon funding and performance.
Qualifications
A Ph.D. degree in Psychology or related field is required. Candidates must be eligible for licensure or be a provisionally licensed psychologist. Demonstrated experience as both a clinician and a teacher is required.
Application Instructions
Interested applicants should submit a letter of application, a current curriculum vita, and three letters of reference.
Equal Employment Opportunity Statement
The University of Texas at Austin, as an equal opportunity/affirmative action employer, complies with all applicable federal and state laws regarding nondiscrimination and affirmative action. The University is committed to a policy of equal opportunity for all persons and does not discriminate on the basis of race, color, national origin, age, marital status, sex, sexual orientation, gender identity, gender expression, disability, religion, or veteran status in employment, educational programs and activities, and admissions.
Show more
Show less","Clinical instruction, Service, Research, Scholarship, Clinical practice, Psychology, Ph.D., Licensure, Provisionally licensed psychologist, Clinician, Teacher, Letter of application, Current curriculum vitae, Letters of reference, Equal Opportunity, Affirmative Action","['clinical instruction', 'service', 'research', 'scholarship', 'clinical practice', 'psychology', 'ph.d.', 'licensure', 'provisionally licensed psychologist', 'clinician', 'teacher', 'letter of application', 'current curriculum vitae', 'letters of reference', 'equal opportunity', 'affirmative action']"
https://www.linkedin.com/jobs/view/residential-direct-care-counselor-at-shepherds-hill-academy-3805798534,"Job Description
Do you love nature? Are you passionate about helping hurting families? If you answered yes to any of the above, then this opportunity is for you!
Discover the difference you can make in the lives of teens in crisis and their families as a
Residential Direct Care Counselor
at Shepherd's Hill Academy! Our team works to ""do life"" with teens ages 12-17 by offering support, mentorship, structure, and encouragement during their time in our program. As a member of our Residential Direct Care team, you will be responsible for the health, safety, and security of residents at all times.
Duties include:
Accompany residents to their daily scheduled activities
Facilitate and/or oversee resident’s activities, including basketball games at our courts, disc golf matches on our disc golf course, and hiking and fishing throughout our 250-acre campus.
Adhere to the resident’s established treatment plans and remain up to date on treatment plan adjustments
Mentor residents to develop important life skills
Accompany students in providing care to animals, such as rabbits, horses, sheep, chickens and ducks, etc.
Facilitate and/or contribute to activities designed for character development
Submit official Field Reports at the end of each shift
Attend, contribute to, and/or facilitate Shift Briefings
Attend applicable Team Training and meetings
Maintain efficient reporting habits and follow SHA’s communication guidelines
Shepherd's Hill Academy appreciates and values what our employees contribute to our mission. Therefore, advancement opportunities are available.
Hours per week:
20-29
30-40
Possibility of overtime available
Company Description
Shepherd's Hill Academy is an accredited therapeutic boarding school, which is both faith-based and nature-based. Shepherd's Hill Academy's mission is to bring hope and healing to hurting families.
Shepherd's Hill Academy is an accredited therapeutic boarding school, which is both faith-based and nature-based. Shepherd's Hill Academy's mission is to bring hope and healing to hurting families.
Show more
Show less","Facilitation, Mentorship, Communication, Team Training, Animal Care, Reporting, Health and Safety Management, Structure and Encouragement","['facilitation', 'mentorship', 'communication', 'team training', 'animal care', 'reporting', 'health and safety management', 'structure and encouragement']"
https://www.linkedin.com/jobs/view/radiologic-technologist-continuous-care-froedtert-hospital-at-froedtert-health-3775202078,"Discover. Achieve. Succeed.
#BeHere
Location: US:WI:MILWAUKEE at our FROEDTERT HOSPITAL facility.
This job is ON - SITE.
FTE: 0.875
Shift: Shift 3
7/70 position.
Hours are Mon-Sun 2100-0700.
Holiday expectation is to work the holidays that fall during scheduled work week.
3rd shift differential and eligible for hospital differential.
Job Summary:
At the direction of a radiologist or other providers, prepares patients and performs radiographic procedures in diagnostic radiology and operates imaging equipment. Performs diagnostic studies according to specific guidelines and prescribed protocols while utilizing appropriate radiation protection measures. Adheres to organizational customer service standards and supports the organizational excellence initiatives. Provides positive and effective interaction and communication with patients, visitors, and staff. Performs ancillary services and assists in patient care areas as necessary. Other duties as assigned.
EXPERIENCE DESCRIPTION:
One year of current clinical experience in diagnostic radiology is preferred. Clinical student experience may be considered in lieu of one year of current clinical experience.
EDUCATION DESCRIPTION:
Post high school completion of an ARRT accredited Radiologic Technology program is required.
An additional 1-2 years of college/university coursework and/or an undergraduate degree in a healthcare related field is preferred but not required.
SPECIAL SKILLS DESCRIPTION:
Self-motivated; ability to organize and prioritize well; ability to remain flexible and to reorganize priorities when emergencies arise.
LICENSURE DESCRIPTION:
ARRT registered RT (R) in diagnostic radiology and current State of WI license as a Radiographer is required.
American Heart Association (AHA) Basic Life Support for the Healthcare Provider (BLS) or an AHA approved equivalent is required within 90 days of hire.
Perks & Benefits At Froedtert Health
Froedtert Health Offers a variety of perks & benefits to staff, depending on your role you may be eligible for the following:
Paid time off
Growth opportunity- Career Pathways & Career Tuition Assistance, CEU opportunities
Academic Partnership with the Medical College of Wisconsin
Referral bonuses
Retirement plan - 403b
Medical, Dental, Vision, Life Insurance, Short & Long Term Disability, Free Workplace Clinics
Employee Assistance Programs, Adoption Assistance, Healthy Contributions, Care@Work, Moving Assistance, Discounts on gym memberships, travel and other work life benefits available
The Froedtert & the Medical College of Wisconsin regional health network is a partnership between Froedtert Health and the Medical College of Wisconsin supporting a shared mission of patient care, innovation, medical research and education. Our health network operates eastern Wisconsin's only academic medical center and adult Level I Trauma center engaged in thousands of clinical trials and studies. The Froedtert & MCW health network, which includes ten hospitals, nearly 2,000 physicians and more than 45 health centers and clinics draw patients from throughout the Midwest and the nation.
We are proud to be an Equal Opportunity Employer who values and maintains an environment that attracts, recruits, engages and retains a diverse workforce. We welcome protected veterans to share their priority consideration status with us at 262-439-1961. We maintain a drug-free workplace and perform pre-employment substance abuse testing. During your application and interview process, if you have a need that requires an accommodation, please contact us at 262-439-1961. We will attempt to fulfill all reasonable accommodation requests.
Show more
Show less","Radiography, Radiographer, Diagnostic Radiology, Imaging, ARRT, Basic Life Support, Healthcare, Emergency, Radiation Protection","['radiography', 'radiographer', 'diagnostic radiology', 'imaging', 'arrt', 'basic life support', 'healthcare', 'emergency', 'radiation protection']"
https://www.linkedin.com/jobs/view/radiologic-technologist-radiographer-at-atd-technology-llc-full-service-staffing-recruiting-agency-3727910089,"Skills
1 year General Radiographer experience.
Cat scan qualified tech Need certification
Certification/Licenses
A valid license as a radiologic technologist issued by the NYSDOH required.
BLS preferred.
Schedule Notes
Cat scan qualified tech Need certification and willing to work evenings, nights and weekends with their shifts
Local Candidates Only*** No Virtual Interviews - In Person only ***Required***
Minimum Degree Required:
Associate's Degree
Shift Timings:
04:00 PM EST - 12:00 AM EST
Department:
MRI
Hours Per Day:
08.00
Hours Per Week:
40.00
Days Per Week:
05.00
ATD Technology, LLC is a certified minority woman owned business that creates opportunities to match qualified job seekers with our client programs while meeting all parties’ financial needs and technical goals. ATD is a full service provider with offerings in Contract, Permanent and Temp-to-Perm staffing solutions. We serve Fortune 1000, mid cap and small cap companies in the Commercial, Private, Public and Government sectors across North America.
ATD Technology, LLC is a certified minority woman owned business that creates opportunities to match qualified individuals with client programs while meeting all parties' financial and technical goals. ATD is a full service provider with offerings in Contract, Permanent and Temp-to-Perm staffing solutions. We serve Fortune 1000, mid cap and small cap companies in the Commercial, Public and Government sectors.
Show more
Show less","General Radiographer, Cat scan qualified, Certification, License as a radiologic technologist, BLS, MRI, Associate's Degree","['general radiographer', 'cat scan qualified', 'certification', 'license as a radiologic technologist', 'bls', 'mri', ""associate's degree""]"
https://www.linkedin.com/jobs/view/mri-technologist-sunnyside-evenings-40hrs-at-kaiser-permanente-northwest-3782511949,"Job Summary
Under direct supervision, performs diagnostic Magnetic Resonance Imaging (MRI) examinations according to established imaging protocols. Provides efficient and effective patient care in the production of high-quality diagnostic MRI examinations. Provides a high level of customer service, performing in a manner consistent with KPNW mission and philosophy. Performs MRI exams and procedures on patients of all ages. Maintains patient safety.
Essential Responsibilities
Reviews orders and daily schedule; consults with attending Radiologists, Physicians and Registered Nurses as necessary to confirm correct exam. Performs MRI studies according to established imaging protocols, and consults with the radiologist, if needed for alternative imaging sequences. Utilizes knowledge, skills and abilities required for age of patient served, to include: Routine, emergent, examinations in accordance with department policies and procedures. Receives and double identifies patients using appropriate criteria prior to performing the study ordered. Maintain and follows all MRI safety guidelines. Ensures accuracy of information and data entry. Provides service-oriented communications with patient to explain magnetic resonance imaging procedures, obtain patient history and conduct imaging screens (e.g., checking for in-vivo metal objects); correlates requested exam with patient history and diagnosis and answers questions. Positions patient as required for requested exam and uses appropriate coils and sequences for desired examination or procedure. Assumes responsibilities for the needs of patient during procedure.
Venipuncture with administration of contrast material intravenously by hand or prepares, loads, programs and operates the contrast injector.
Maintains all materials needed and linen supply on daily basis; maintains general order and cleanliness of room assigned.
Other duties as assigned: Quality Assurance functions. Participates in on-call or standby schedule as required.
Experience
Basic Qualifications:
Minimum One (1) year of MRI work experience within the last three (3) years.
Per the National Agreement, current KP Coalition employees have this experience requirement waived.
Education
High School Diploma or General Education Development (GED) required.
License, Certification, Registration
Magnetic Resonance Imaging Technologist License (Oregon) OR Registered Radiologic Technologist (Washington)
Basic Life Support within 1 months of hire
American Registry of Radiologic Technologists Certificate - Magnetic Resonance Imaging required at hire from American Registry of Radiologic Technologists
Additional Requirements
Proof of continuing education.
Mandatory Infection Control education and training will occur on an annual basis.
Knowledge and skills in Infection Control shall be evaluated annually on an oral or written basis per KPNW policy and/or requirements.
Must be able to work in a Labor/Management Partnership environment.
Preferred Qualifications
Organizational skills, time management, prioritization, planning; attention to detail; problem solving, decision making, judgment; technical skills; initiative; communication, interpersonal skills, customer relations, organizational relations.
Adaptability; following Policies and Procedures; flexibility; knowledge of cross-sectional anatomy.
Situational Adaptability, flexibility and accountability
Knowledge and Skill for age appropriate care.
Knowledge of cross-sectional anatomy.
Associates degree or higher in Radiologic Science or related field.
Bachelors degree in Radiologic Science.
Notes
4 x 10 hour shifts = 40 hours
Primary Location:
Oregon,Clackamas,Kaiser Sunnyside Medical Center
Shift:
Evening
Workdays:
Fri, Sat, Sun, Mon
Working Hours Start:
12:00 PM
Working Hours End:
10:30 PM
Job Schedule:
Full-time
Job Type:
Standard
Employee Group/Union Affiliation:
W08|UFCW|Local 555
Job Level:
Individual Contributor
Department:
Sunnyside Medical Center - MRI-General - 1001
Show more
Show less","MRI, Imaging, Radiologist, Physician, Registered Nurse, Magnetic Resonance Imaging Technologist, Radiologic Technologist, Basic Life Support, American Registry of Radiologic Technologists Certificate, Organizational skills, Time management, Prioritization, Planning, Attention to detail, Problem solving, Decision making, Judgment, Technical skills, Initiative, Communication, Interpersonal skills, Customer relations, Organizational relations, Adaptability, Policies and Procedures, Flexibility, Knowledge of crosssectional anatomy, Situational Adaptability, Accountability, Age appropriate care, Radiologic Science, High School Diploma, General Education Development (GED)","['mri', 'imaging', 'radiologist', 'physician', 'registered nurse', 'magnetic resonance imaging technologist', 'radiologic technologist', 'basic life support', 'american registry of radiologic technologists certificate', 'organizational skills', 'time management', 'prioritization', 'planning', 'attention to detail', 'problem solving', 'decision making', 'judgment', 'technical skills', 'initiative', 'communication', 'interpersonal skills', 'customer relations', 'organizational relations', 'adaptability', 'policies and procedures', 'flexibility', 'knowledge of crosssectional anatomy', 'situational adaptability', 'accountability', 'age appropriate care', 'radiologic science', 'high school diploma', 'general education development (ged)']"
https://www.linkedin.com/jobs/view/travel-allied-health-professional-interventional-radiology-technologist-at-planet-healthcare-3805274772,"Planet Healthcare is seeking a travel Interventional Radiology Technologist for a travel job in Lexington, Kentucky.
Job Description & Requirements
Specialty: Interventional Radiology Technologist
Discipline: Allied Health Professional
Start Date: 02/12/2024
Duration: 13 weeks
40 hours per week
Shift: 8 hours
Employment Type: Travel
Planet Healthcare is looking for an IR Rad Tech in the Lexington, KY area.
Shift: 10 hours, days Shift, 40 per week, every other weekend and holiday
Job Description & Requirements:
Assignment Length: 13 weeks
Start Date: ASAP Pending compliance
Employment Type: Contract
2+ Years of VIR experience required
Active KY license, ARRT(R), BLS
Planet Healthcare is a National Healthcare Staffing Firm with industry leading contractor retention & satisfaction.
Planet Healthcare Benefits
Industry Leading Support: Dedicated Recruiter & Designated Compliance Specialist
Robust Insurance Plans (Medical, Dental, Vision)
401k Retirement Plans including company match! (After 90 days of continuous service)
Contractors choose to extend with Planet Healthcare over 90% of the time!
Fully Joint Commission Certified
Weekly Direct Deposit
Referral Bonus Program
Please note that all pay rates are estimates. Rate applies to travel positions only (75+ miles from permanent residential address). Local pay packages may be available.
Planet Healthcare Job ID #597724. Pay package is based on 8 hour shifts and 40 hours per week (subject to confirmation) with tax-free stipend amount to be determined. Posted job title: Radiology Tech - Interventional Radiology
About Planet Healthcare
Delivering Vital Healthcare Talent. Today.
Planet Healthcare is a global leader in clinical staffing because we take a candidate-first approach. We pride ourselves on a consultative method and help to create the right opportunity, at the right time, with each healthcare professional. The recruitment engine at Planet Healthcare is driven by leaders in this market, who understand the market demands and trends within your specialty. With a wide array of job opportunities and geographic diversity in our client base, we are your advocate and will work to find the best position for you. We are ready to go to work. Welcome to Planet Healthcare.
Our Methodology
Let’s face it; finding a new job can be scary. Whether you’re currently employed or in between positions, the search can feel overwhelming. If you’re looking for support, guidance and an upper-hand on the competition, you’ve come to the right place. We know that not every job, company or commute is right for everyone, so Planet Healthcare recruiters are trained to not only discuss our open job orders, but to find out about your search and take a proactive approach to the market. Our recruiters are experts in this industry and we are your advocate and partner during your job search. We look forward to working with you soon.
CLEVELAND | CHICAGO | RALEIGH | BOSTON | PHOENIX
Benefits
Medical benefits
Vision benefits
Dental benefits
401k retirement plan
Weekly pay
Referral bonus
Show more
Show less","Interventional Radiology Technologist, Allied Health Professional, KY license, ARRT(R), BLS, VIR experience, Radiology, Joint Commission Certified","['interventional radiology technologist', 'allied health professional', 'ky license', 'arrt(r)', 'bls', 'vir experience', 'radiology', 'joint commission certified']"
https://www.linkedin.com/jobs/view/interventional-radiology-technologist-ir-techs-up-to-%24172-432-year-at-insync-consulting-inc-3800185701,"Job Description
InSync Consulting is seeking
Interventional Radiology
(IR)
Technologists (Tech)
for local and travel opportunities in
Colton CA
. The facility is currently needing a few experienced IR Tech’s for contract opportunities working 40 hours per week. Ideal candidates will have a minimum of 2 years of recent
IR
experience in an acute care facility, 2 Years in Radiology and be able to work an 8-hour shifts.
Location:
Colton, CA Area
Title:
Radiology Technologist
# of Positions Open
: Multiple
Specialty:
Interventional Radiology
Certifications:
BLS, CDPH and Fluoroscopy
License:
ARRT
Start Date:
3 weeks after offer
Shift:
Day and Night
Shift Length:
8 hours
Shifts per Week:
40
Assignment Length:
13 week + possibility to extend
Hourly Compensation:
$79.45 – 82.90
Weekly Compensation:
$3,178.00 - $3,316.00
Monthly Compensation:
$12,712.00 - $13,264.00
Yearly Equivalent Compensation:
$165,256 - $172,432.00
Compensation Is Local – Traveler
Shift Notes:
Days: 5x8s - 8:30a-5p (hours may vary).
Weekend Requirements: call schedule
On Call Requirements: min. of 7 days/month - 30 min response time
Department Information:
Two interventional radiology labs for special procedures such as stents, angiograms, angioplasties and other interventional radiology procedures.
Medical Imaging is staffed by all board certified radiologists (M.D.s) and all registered and certified technologists in every modality.
American College of Radiology accreditation in Mammography, CT, Nuclear Medicine, MRI, and Ultrasound.
MUST have experience in Cardiac/ Angio/ Neuro/ Vascular & Trauma cases
Experience working with ALL age groups
Minimum Qualifications:
1 Years’ recent IR experience at an Acute Care Hospital and 2 total years of Radiology
Certifications: Current BLS, ACLS and Fluoroscopy certification required.
About InSync:
100% web enabled credentialing (We make things easy for you)
Custom tailored pay packages
24/7 access to Payroll/HR Access
Medical benefits Sick pay, Retirement options
Boutique company where our employees are #1
Weekly pay with direct deposit
Uncompromising Service
Company Description
InSync Consulting Services LLC is a exponentially growing firm in Northern California, dedicated to providing the best personal service
InSync Consulting Services LLC is a exponentially growing firm in Northern California, dedicated to providing the best personal service
Show more
Show less","Interventional Radiology, Radiology, Fluoroscopy, BLS, CDPH, ARRT, Cardiac, Angio, Neuro, Vascular, Trauma, ACLS","['interventional radiology', 'radiology', 'fluoroscopy', 'bls', 'cdph', 'arrt', 'cardiac', 'angio', 'neuro', 'vascular', 'trauma', 'acls']"
https://www.linkedin.com/jobs/view/internal-medicine-physician-%24200-000-yearly-%24215-000-yearly-at-doccafe-3742389939,"DocCafe has an immediate opening for the following position: Physician - Internal Medicine in Tampa, Florida.
This is a full-time position. Make $200,000/yearly - $215,000/yearly.
DocCafe is the premier physician and physician assistant job board to help you advance your healthcare career.
Register now to apply for this job and for access to 125,000+ other openings.
DocCafe Offers:
Free Physician and Physician Assistant Job Search Easily search, review and apply to jobs that meet your requirements. Plus, set up e-mail alerts for when new jobs are added that meet your search criteria.
Professional Profile Attract employers with a profile page that includes your CV, credentials and other medical professional information.
Confidentiality Decide which information you want to share and when you appear in an employer’s search results.
Career Matching Support Our experienced team can match you to your dream physician or PA job based on your unique preferences.
Get started with DocCafe today.
Show more
Show less","Physician, Internal Medicine, DocCafe","['physician', 'internal medicine', 'doccafe']"
https://www.linkedin.com/jobs/view/interventional-radiology-registered-nurse-at-great-lakes-medical-imaging-3794400736,"Job Title:
Interventional Radiology Registered Nurse (IR RN)
Reports to:
Interventional Radiology Manager
Status:
Non-Exempt
Pay:
To determine our range, we consider as many of the following data points as are available to us: external market salary survey data, internal data in terms of comparable roles and our budget for the position. What we have posted is our good faith estimate of what we expect to pay: $34-$40 an hour.
Summary:
The Registered Nurse at Great Lakes Medical Imaging works as a member of the Interventional Radiology team, reporting to the Interventional Radiology Manager. Role will use their knowledge of nursing, to manage and coordinate the care of patients undergoing interventional procedures. At Great Lakes Medical Imaging patient care is of the utmost importance and we strive to maximize the delivery of quality care. The RN provides individualized care to the patient, family and caregivers and is competent and knowledgeable to provide care to the patient population served. This role performs a variety of tasks beyond nursing duties including; patient calls, documentation, providing response to emergent situations and assisting with both patient and co-worker needs.
Our Values
As a member of the team at GLMI it is expected that you embody the Great Lakes Way in your daily actions here.
Personalize the Experience
Greet with eye contact and share a smile.
Create a tone of friendliness and warmth in conversations with patients, peers, and associates.
Respectfully interact with patients, peers, and associates at their pace and level.
Take time to listen to and understand others.
Demonstrate patience and compassion when interacting with patients, peers, and associates.
Act on opportunities to go above and beyond.
Own it, Do it
Do what you say you will do.
Anticipate and prevent potential problems.
Be responsible and efficient with Great Lakes resources (time, scheduling, property, equipment, etc.).
Follow up on inquiries promptly and accurately.
Take personal responsibility for your work area and the quality of your work.
Communicate clearly, respectfully, and in a timely manner.
Perform as One Team
Speak positively about Great Lakes, team members, and patients.
Demonstrate respect and attentiveness to team members when communicating.
Recognize and share successes of the Great Lakes Way in action.
Proactively offer to help others.
Be flexible and embrace change with a positive attitude.
Contribute to a fun, energetic, and positive work environment.
Practice blameless problem solving, assuming the positive intentions of others.
Strive for Excellence
Share information, knowledge, and expertise.
Be relentless about acting on opportunities to learn and improve.
Ask for, accept, and use feedback.
Look for and act on opportunities for continuous improvement.
Duties And Responsibilities Include The Following
Facilitates patient's stay during examination and while in the Interventional radiology department.
Contacts patient's prior to their procedure for instruction and preparation; as necessary.
Provides pre op calls and evaluation to ensure the patient is a suitable outpatient procedural candidate.
Contacts other medical providers and their offices for patient history and records as necessary.
Completes a thorough evaluation of a patient's pertinent medical history, documents in patient's chart and retrieves and reviews necessary pre-procedural paperwork.
Provides clear and thorough explanation of procedures to patients and obtains informed consent.
Provides treatment and care to patients in accordance with the Interventional Radiologist's instruction.
Records and administers medications as necessary.
Records and monitors vital signs as necessary.
Properly utilizes the medical record system to accurately document the procedure from begin to end.
Monitors patient post operatively to ensure a successful recovery.
Discharges patients with appropriate paperwork and instructions.
Provides a follow up call after the procedure to ensure adequate recovery.
Re-stocks supplies, orders medications and maintains an order list.
Promotes positive work environment with patients, Physicians and fellow employees.
Provides nursing assistance to other departments including assisting in accessing mediports, starting IVs and other duties as needed.
Administers Tuberculin Testing to the physician or staff as needed.
Be responsible for the safe administration, custody and documentation of medications.
Ensure that patient confidentiality is respected and that the dignity of the patient is assured and maintained at all times.
Observe and comply with GLMI Policies and Procedures and Health and Safety regulations
Other duties as assigned.
Necessary Skills
To perform this job successfully, an individual must be able to perform each essential duty satisfactorily. The requirements listed below are representative of the knowledge, skill, and/or ability required. Relies on experience, strong communication skills and judgment to plan and accomplish goals. A certain degree of latitude & amp; creativity is required. Reasonable accommodations may be made to enable individuals with disabilities to perform the essential functions.
Qualifications
Graduate of an accredited school of nursing. BSRN preferred.
Current NYS Registered Nurse license. Current BLS/ ACLS required.
Two years of recent conscious sedation experience and procedure experience preferred.
Knowledge of nursing principles and standards of care.
Critical thinking skills and judgment.
Critical care experience preferred.
Ability to work in a team-oriented fast paced environment.
Physical And Mental Requirements
May be asked to lift up to 35 pounds
Escorting patients via wheelchair
Standing, walking, sitting, keyboard use for long periods of time
Ability to listen and communicate with patients face to face or over the phone
Will be required to read, write, work in a fast-paced office setting
Ability to make decisions and think quickly
Must have mental and physical capabilities to perform all tasks listed above
Job Posted by ApplicantPro
Show more
Show less","Nursing, Patient care, Interventional radiology, Medical imaging, Patient records, Informed consent, Vital signs, Documentation, Medication administration, Patient education, Patient discharge, Supplies management, Teamwork, Communication, Critical thinking, Problem solving, Decision making, Physical strength, Mental agility, Registered Nurse license, BLS/ ACLS certification, Conscious sedation experience, Procedure experience, Critical care experience, BSRN degree","['nursing', 'patient care', 'interventional radiology', 'medical imaging', 'patient records', 'informed consent', 'vital signs', 'documentation', 'medication administration', 'patient education', 'patient discharge', 'supplies management', 'teamwork', 'communication', 'critical thinking', 'problem solving', 'decision making', 'physical strength', 'mental agility', 'registered nurse license', 'bls/ acls certification', 'conscious sedation experience', 'procedure experience', 'critical care experience', 'bsrn degree']"
https://www.linkedin.com/jobs/view/physician-internal-medicine-colorado-permanent-we-have-opportunities-for-op-only-and-hybrid-op-hospitalist-your-choice%21recruitment-package-may-job-at-workathome-jobboard-3800375343,"We have opportunities for OP Only and Hybrid OP/Hospitalist
Your Choice! Recruitment Package may include:
Base salary + wRVU production incentive
Quality bonus
CME allowance
Sign-on bonus
Medical debt assistance
Relocation allowance
Residency stipend
Medical Director stipend
Health benefits + Retirement plan
Marketing + practice growth assistance
Show more
Show less","Medical Director, Hospitalist","['medical director', 'hospitalist']"
https://www.linkedin.com/jobs/view/physician-internal-medicine-full-time-sappington-mo-at-ssm-health-3655593757,"It's more than a career, it's a calling
MO-SSM Health Medical Group Sappington
Worker Type:
Regular
Job Highlights:
SM Health is a Catholic not-for-profit health system serving the comprehensive health needs of communities across the Midwest through a robust and fully integrated health care delivery system. Headquartered in St. Louis, SSM Health has care delivery sites in Missouri, Illinois, Oklahoma and Wisconsin. The health system includes 24 hospitals, more than 300 physician offices and other outpatient care sites, 10 post-acute facilities, comprehensive home care and hospice services, a pharmacy benefit company, an insurance company, a technology company and an Accountable Care Organization.
With more than 10,000 providers and 40,000 employees in four states, SSM Health is one of the largest employers in every community it serves. An early adopter of the electronic health record (EHR), SSM Health is a national leader for the depth of its EHR integration.
SSM Medical Group
is a member of SSM Health Care—St. Louis and includes almost 400 primary and specialty care physicians in 65 locations, including 5 urgent care clinics and 25 Express Clinics collocated with Walgreens stores. Our clinics are located in north, south and mid St. Louis County; in St. Charles County; in Warrenton and Troy, Missouri; and in Belleville and Maryville, Illinois.
At SSM, we take pride in the physician leadership of our Medical Group. Our physicians have a voice in their own practice operations, as well as the overall direction of the organization. Our SSM physician leadership allows physicians to manage the care of their own patients and provide appropriate treatment to meet each patient’s unique needs.
All SSM Health Medical Group primary care practices are nationally recognized as NCQA Patient-Centered Medical Homes and provide exceptional care through evidence-based protocols, while coordinating and managing patient care across the continuum.
SSM Health
- Our clinic is co-located within Ronnie's Plaza in Sappington, Missouri.
Ready to Speak to a Recruiter?
Click Here:
To Contact the Recruiter Directly:
Ty M. Lipe | Physician, Executive and Provider Recruitment
SSM Health-Missouri
Phone: 314-994-6264
ty.lipe@ssmhealth.com
Job Summary:
Diagnose and treat injuries or illnesses.
Job Responsibilities and Requirements:
Primary Responsibilities
Responsible for obtaining call coverage by other medical staff members for holidays, vacations and other time off.
Responsible for the standard of practice for patient population.
Responsibility for maintaining a private office and all clinical decision making within the office during times of service.
Acts as an advisor and consultant in the establishment of operational policies of the practice to include: (1) Purchasing and capital allocations; (2) Managed care plan participation; (3) Budget and practice expenses; (4) Medicare/Medicaid participation; (5) Billing and collection of professional fees; (6) Personnel management and related policies; (7) Risk management and quality assurance; and (8) Coding compliance.
Responsible for after-hours call coverage for patients of the practice, in addition to office appointments.
Participates in community service activities, including speaking engagements, writing and special clinical programs as reasonably requested.
Responsible for all risk management, coding compliance and quality assurance activities and functions in and related to the practice.
Works in a constant state of alertness and safe manner.
Performs other duties as assigned.
Physical Requirements
Constant use of speech to share information through oral communication.
Constant standing and walking.
Frequent lifting/carrying and pushing/pulling objects weighing 0-25 lbs.
Frequent sitting, reaching and keyboard use/data entry.
Frequent use of vision and depth perception for distances near (20 inches or less) and far (20 feet or more) and to identify and distinguish colors.
Frequent use of smell to detect/recognize odors.
Frequent use of hearing to receive oral communication, distinguish body sounds and/or hear alarms, malfunctioning machinery, etc.
Occasional lifting/carrying and pushing/pulling objects weighing 25-50 lbs.
Occasional lifting/moving of patients.
Occasional bending, stooping, kneeling, squatting, twisting, gripping and repetitive foot/leg and hand/arm movements.
Occasional driving.
Rare crawling and running.
Licenses / Certifications:
Physician - State of Work Location
Work Shift:
Day Shift (United States of America)
Job Type:
Employee
Department:
7007000169 Ronnies FM
Scheduled Weekly Hours:
40
SSM Health is an equal opportunity employer. SSM Health does not discriminate on the basis of race, color, religion, national origin, age, disability, sex, sexual orientation, gender identity, pregnancy, veteran status
,
or any other characteristic protected by applicable law.
Click here to learn more.
Show more
Show less","Physician, Electronic Health Record (EHR), PatientCentered Medical Homes, NCQA, Medicare/Medicaid, Billing and collection, Risk management, Quality assurance, Coding compliance, Speech, Standing, Walking, Lifting/carrying, Pushing/pulling, Sitting, Reaching, Keyboard use/data entry, Vision, Depth perception, Smell, Hearing, Bending, Stooping, Kneeling, Squatting, Twisting, Gripping, Repetitive foot/leg and hand/arm movements, Driving, Crawling, Running, State of Work Location Physician","['physician', 'electronic health record (ehr)', 'patientcentered medical homes', 'ncqa', 'medicare/medicaid', 'billing and collection', 'risk management', 'quality assurance', 'coding compliance', 'speech', 'standing', 'walking', 'lifting/carrying', 'pushing/pulling', 'sitting', 'reaching', 'keyboard use/data entry', 'vision', 'depth perception', 'smell', 'hearing', 'bending', 'stooping', 'kneeling', 'squatting', 'twisting', 'gripping', 'repetitive foot/leg and hand/arm movements', 'driving', 'crawling', 'running', 'state of work location physician']"
https://www.linkedin.com/jobs/view/radiology-physician-at-health-ecareers-3800369453,"Job Description & Requirements
Radiology Physician
StartDate: ASAP Available Shifts: Mon-Fri: 730-430, also open to part-time Pay Rate: $509151.00 - $535949.00
Trinity Health Of New England, one of the largest Catholic health systems in the nation, seeks a Radiologist to join its hospital-based team. The incoming Radiologist will join a large, growing general practice offering high-quality outpatient imaging, and there is no need for diagnostic radiologists to read at night during the week. Trinity Health is a renowned organization that strives to enhance the well-being of communities and individuals. Their values of respect, dedication to the underprivileged, security, equity, accountability, and honesty are the pillars of their health system. Candidates must be board-certified or board-eligible in radiology and work onsite.
Opportunity Highlights
Springfield, MA, in the heart of New England, offers a fantastic location to live and work
Earn an excellent salary, with potential earnings reaching up to $535,000
Join a top-tier organization, one of the largest multi-institutional Catholic healthcare delivery systems in the nation
Receive compensation for weekend call duties
Be a part of a large and expanding group, providing ample growth opportunities
Community Highlights
Along the banks of the Connecticut River, Springfield, MA, offers a blend of urban, suburban, and rural scenery and a rich history spanning four centuries. With a beautiful New England backdrop, this region’s rolling hills, lush valleys, picturesque waterways, and colorful foliage are a paradise for the outdoor enthusiast.
A Best Place to Live and a Best Place to Retire (US News)
Excellent livability score from area
Outstanding outdoor activities, including plenty of hiking trails
Low cost of living and ideal locations for individuals and families alike
Only 90 miles from Boston and 20 miles from Hartford, Connecticut
Enjoy a four-season climate in a picturesque New England city
A mosaic of ethnic communities delivering culinary and cultural delights filled with diversity
Required Qualifications
Board Certified/Board Eligible in Radiology
Facility Location
Situated amid rolling hills and maple-fringed lanes, Connecticut’s capital city offers a beautiful riverfront location, sophisticated entertainment and abundant recreational opportunities. Ranked among the top six percent of North American regions for the arts, Greater Hartford is home to nearly 200 cultural, arts, and heritage organizations.
Job Benefits
About the Company
At AMN Healthcare, we strive to be recognized as the most trusted, innovative, and influential force in helping healthcare organizations provide quality patient care that continually evolves to make healthcare more human, more effective, and more achievable.
Radiologist, Diagnostic Radiologist, Emergency Radiology, Interventional Radiology, Diagnostic Medical Physicists, radiology,, radiology, radiologist
Compensation Information
$509151.0 / Annually - $509151.0 / Annually
Starting At: 509151.0 Annually
Up To: 535949.0 Annually
Show more
Show less","Radiology, Diagnostic Radiology, Emergency Radiology, Interventional Radiology, Physics, Compensation","['radiology', 'diagnostic radiology', 'emergency radiology', 'interventional radiology', 'physics', 'compensation']"
https://www.linkedin.com/jobs/view/rad-tech-at-virginia-mason-franciscan-health-3681944534,"Overview
Up to a $10,000 sign on bonus**
Virginia Mason Franciscan Health is a 336 bed non-profit facility providing quality health care to patients and communities in and around Seattle Washington. We are part of CommonSpirit Health which operates 139 hospitals and more than 1,000 care sites across 21 states, making our services accessible to nearly 1 in 4 U.S. residents.
Responsibilities
As a Radiology Technologist at Virginia Mason, you will help capture usable diagnostic images from patients so the Radiologist can accurately diagnose and/or rule out different conditions.
Every day you could perform any variety of imaging examinations such as x-rays, diagnostic fluoroscopy, to name a few. You will also need to enjoy working directly with people as you play a huge role in the patient experience.
To be successful in this role, you’ll need to fully understand the importance of diagnostic imaging. This includes knowledge of the general imaging workflow, various patient positioning techniques, and capturing precise results for timely and accurate diagnosis.
We deliver inspired people to do meaningful work.""
Qualifications
We require:
This position requires a Washington State certification for Radiologic Technologist and a certificate from the American Registry of Radiological Technology (ARRT).
Graduation from an approved accredited program for diagnostic radiologic or successful completion of alternative training is required.
Must complete 24 hours of continuing medical education every two years.
Must have a valid CPR license to be renewed every two years.
Excellent interpersonal and communication skills; a thorough understanding of anatomy and physiology; strong organizational skills;
A willingness to grow with technological changes occurring in the field; the ability to manage stressful situations appropriately;
The ability to attend to multiple tasks and work independently; and the ability to be versatile, flexible are needed.
Must be able to lift 50 pounds.
Just as Virginia Mason is dedicated to improving the lives of our patients and our community, we are equally dedicated to your professional and personal success. With a wide range of perks that includes a comprehensive compensation and benefits package, and the opportunity to live in one of the most livable cities in the nation, you will find that an opportunity with Team Medicine is one worth taking.
We are an equal opportunity/affirmative action employer.
WAImaging
Pay Range
$36.89 - $53.49 /hour
Show more
Show less","Radiology Technologist, Xrays, Diagnostic fluoroscopy, Imaging workflow, Patient positioning techniques, CPR license, Interpersonal skills, Communication skills, Anatomy, Physiology, Organizational skills, Technological changes, Stress management, Multitasking, Independent work, Versatility, Flexibility, Lifting 50 pounds","['radiology technologist', 'xrays', 'diagnostic fluoroscopy', 'imaging workflow', 'patient positioning techniques', 'cpr license', 'interpersonal skills', 'communication skills', 'anatomy', 'physiology', 'organizational skills', 'technological changes', 'stress management', 'multitasking', 'independent work', 'versatility', 'flexibility', 'lifting 50 pounds']"
https://www.linkedin.com/jobs/view/registered-nurse-prn-days-interventional-radiology-at-united-surgical-partners-international-inc-3781958232,"Welcome to
Baylor Scott & White Surgical Hospital Fort Worth
, TX, a pinnacle of excellence and innovation where your skills can truly shine!
Baylor Scott & White Surgical Hospital Fort Worth
is seeking a
Registered Nurse
to join our
Interventional Radiology
Department!
Schedule: As Needed - Availability: M-F 7AM-3:30PM**
Registered Nurse Interventional Radiology at Baylor Scott & White Surgical Hospital Fort Worth:
The interventional radiology nurse is responsible for implementing the pre-operative admission assessment record, assimilation of the patient’s hospital record, and obtaining history and physical from ordering physician’s office.
The nurse is also responsible for implementing the nursing process performing needed testing, providing patient safety, comfort and privacy at all times.
Why Choose Baylor Scott & White Surgical Hospital Fort Worth?
Leading Collaboration: Our hospital stands as a remarkable joint venture between Tenet Healthcare, USPI, and the esteemed Baylor Scott & White network. This partnership sets the stage for unparalleled collaboration, ensuring a diverse and enriching work environment.
Serving Our Community: Nestled at 1800 Park Place Avenue in Fort Worth, Texas, we've been dedicatedly serving Fort Worth residents and neighboring communities since 2014. Our commitment to our community's health and well-being is unwavering.
Comprehensive Care: Offering a wide spectrum of medical services, our 30-bed acute care surgical hospital includes an Emergency Department, a 30-bed inpatient unit, a 4-bed intensive care unit, and cutting-edge diagnostic imaging facilities.
Innovative Technology: Step into a facility equipped with the latest medical advancements. With 14 state-of-the-art operating rooms, including da Vinci, ExcelsiusGPS, and Mako Surgical Systems, you'll be at the forefront of surgical innovation.
Diverse Specializations: Join a team that spans across specialties such as ENT, Bariatric, Pulmonary, Gynecology, Orthopedics, and much more. Your expertise will have a profound impact on patients' lives across a wide range of surgical services. We also do Spine and Craniotomy. That shows we a higher intensity than your regular ortho surgery hospital.
Quality-Centric Approach: Our unwavering focus on quality and service ensures that every surgical procedure is conducted in a meticulous and patient-oriented environment.
Join us at
Baylor Scott & White Surgical Hospital Fort Worth
to embark on an incredible career. Apply today to be a part of our dynamic team and contribute to a legacy of excellence. Your journey to a fulfilling career starts here!
Required Skills:
Education
Graduate of an accredited school of nursing (Registered Nurse Program), BSN preferred
Licensure/Certification
Current Texas RN licensure
Current BLS and ACLS required
Certification in interventional radiology nursing procedures preferred.
Required Experience:
Specific Job Experience:
Minimum of 2 years’ experience in a hospital setting, a clinical background in acute care preferred.
Training and skill in moderate sedation management and rhythm interpretation
Knowledge, Skills And Abilities
Understands principles of aseptic technique and their implementation
Ability to care for patients of all ages
Excellent teaching skills
Ability to utilize electronic health care record for patient documentation
Excellent communication skills, verbal and written
Good organizational habits
Ability to adapt to change quickly
Strong knowledge base relative to surgery procedures and management of surgical patients
Principal Duties and Responsibilities:
The RN will interface with visitors, patients, family, physicians and radiology staff on the phone and in person.
The nurse will assist in screening patients for Myelogram and other interventional radiology exams by obtaining a list of medications and completing Patient History/Pre-Op assessment form via telephone or in person.
The nurse will explain the procedure, answer questions and give instructions for holding medications, if needed.
The nurse is responsible for implementing the Pre-Operative Admission Assessment record and the assimilation of the patients’ hospital record.
The RN is also responsible for implementing the nursing process performing assessment, reassessment, sedation monitoring (including nurse administered moderate sedation) and related needed testing and providing patient safety, comfort, and privacy at all times.
Manages acute and chronic pain on all patients but especially post procedure or surgical patients to assist in alleviating suffering and improving healing.
Delivers medication based upon continual assessment, safety, and evaluation of patient response.
Assesses and reassesses the patient’s condition and accordingly sets the plan of care including evaluating the patient’s adaptation to the care treatment, responsiveness to care and readiness for discharge.
Demonstrates knowledge and skill level necessary to assess patient’s psychosocial, educational and physical needs, as well as the ability to address these needs in an age-appropriate manner in the pediatric, adolescent, adult and/ or geriatric patient population.
Responds quickly and appropriately to emergency situations.
Identifies educational needs, implements and evaluates learning and documents patient / family education.
Able to cross train and keep current competency in similar departments for flex; as well as to maintain cross-functional nursing skills in other departments, i.e. PAT, PACU, Pre-op etc.
Follows all documentation policies.
Supports department operations as needed. This may include assisting with nurse driven patient care between transferring departments, assisting in monitoring patient vitals across multiple imaging modalities including MRI, medication administration at the direction of the Radiologist, IV starts, and other Nursing responsibilities as assigned.
Show more
Show less","Registered Nurse, Interventional Radiology, Preoperative admission assessment, Nursing process, Patient safety, Patient comfort, Privacy, Electronic health care record, Communication skills, Organizational habits, Moderate sedation management, Rhythm interpretation, Aseptic technique, Patient care, Teaching skills, BSN, Texas RN licensure, BLS, ACLS, Certification in interventional radiology nursing procedures, Hospital setting experience, Clinical background in acute care, Surgery procedures, Surgical patients, Pain management, Medication administration, Patient education, Crosstraining, Documentation policies, Department operations","['registered nurse', 'interventional radiology', 'preoperative admission assessment', 'nursing process', 'patient safety', 'patient comfort', 'privacy', 'electronic health care record', 'communication skills', 'organizational habits', 'moderate sedation management', 'rhythm interpretation', 'aseptic technique', 'patient care', 'teaching skills', 'bsn', 'texas rn licensure', 'bls', 'acls', 'certification in interventional radiology nursing procedures', 'hospital setting experience', 'clinical background in acute care', 'surgery procedures', 'surgical patients', 'pain management', 'medication administration', 'patient education', 'crosstraining', 'documentation policies', 'department operations']"
https://www.linkedin.com/jobs/view/veterinarian-radiologist-veterinary-radiology-specialist-at-veritas-veterinary-partners-3795647595,"Garden State Veterinary Specialists
is looking to add a
full time board-certified, or residency trained Veterinary Radiologist
to our well established, rapidly growing 24-hour emergency and specialty hospital!
Garden State Veterinary Specialists
is a centrally located New Jersey ER/Specialty practice that is in a prime location with access to the beach, the Poconos and Catskill mountains, as well as the vibrant cities of Philadelphia and New York. Our brand new, state of the art, 55,000 sg-ft facility in Eatontown has been thoughtfully designed and includes 25 exam rooms, 6 surgical suites, CT, MRI, lineal accelerator, ICU with a 35-patient capacity, dialysis, and a lecture hall that can host 60 seats! Our hospital culture is collaborative and fun, evidenced by our high retention of doctors and staff.
How you will make a difference:
You will join
Garden State Veterinary Specialists
, giving you the opportunity to work alongside, collaborate, and support all specialists in: Surgery, Internal Medicine, Critical Care, Neurology, Cardiology, Ophthalmology, Medical and Radiation Oncology, Dermatology, Rehab, and Emergency. With the support of the medical director, it will be an honor to have you be an integral part of our family, creating a department that will both support our mission as well as permit limitless, professional growth.
What you will bring:
As a Radiologist here at GSVS, you will perform ultrasounds and interpret radiographs for all departments and patients at GSVS. You will also be responsible for interpreting all CT and MRI performed on our brand-new, cutting-edge technology. In addition, you will support staff and intern doctors, provide counsel to the other specialists, and collaborate with the referring community.
Schedule:
Full time position with proposed Monday- Thursday schedule
Benefits and Compensation:
Salary is highly competitive
Sign-on bonus and relocation allowance
Health, dental, and vision options, some plans paid 100%
Parental leave
401K with company match
Company equity
Life insurance
Generous CE and PTO
Reimbursement of all licensure fees
Mental health support with Talkspace
Garden State Veterinary Specialists is located at 246 Industrial Way, Eatontown, NJ 07724
#DVM
Veritas Veterinary Partners is an equal opportunity employer. In accordance with the requirements of all applicable federal, state and local laws, we welcome and encourage diversity in the workplace regardless of race, color, religion, marital status, age, national origin, ancestry, physical or mental disability, medical condition, pregnancy, genetic information, gender, sexual orientation, gender identity or expression, veteran status or any other legally protected status.
Applicants must be authorized to work in the U.S. Veritas does not currently sponsor applicants for work Visas, except for TN or E-3 Visa.
All current positions require the ability to speak, read, and write English proficiently. Additional fluency in other languages is preferred but not required.
Powered by JazzHR
OmyjI6I94w
Show more
Show less","Veterinary Radiology, Ultrasounds, Radiographs, CT, MRI, Collaboration, Communication, Consultation, Medical Director, Talkspace, Internal Medicine, Critical Care, Neurology, Cardiology, Ophthalmology, Medical Oncology, Radiation Oncology, Dermatology, Rehab, Emergency","['veterinary radiology', 'ultrasounds', 'radiographs', 'ct', 'mri', 'collaboration', 'communication', 'consultation', 'medical director', 'talkspace', 'internal medicine', 'critical care', 'neurology', 'cardiology', 'ophthalmology', 'medical oncology', 'radiation oncology', 'dermatology', 'rehab', 'emergency']"
https://www.linkedin.com/jobs/view/travel-allied-health-professional-ct-technologist-at-lrs-healthcare-3801469948,"LRS Healthcare - Imaging is seeking a travel CT Technologist for a travel job in Bettendorf, Iowa.
Job Description & Requirements
Specialty: CT Technologist
Discipline: Allied Health Professional
Duration: 13 weeks
40 hours per week
Shift: 8 hours, nights
Employment Type: Travel
1741067
LRS Healthcare - Imaging Job ID #010824-CCC. Pay package is based on 8 hour shifts and 40 hours per week (subject to confirmation) with tax-free stipend amount to be determined.
About LRS Healthcare - Imaging
LRS Healthcare can lend a hand to take your career to new heights and places. As an industry leader in healthcare staffing, we work to connect you with jobs at top of the line facilities in the locations you’ve always wanted to live and visit. LRS is truly a full service medical staffing agency, so we take care of everything from housing and travel expenses to your itinerary, too. We handle it all because we want to be with you throughout your journey – not just your next placement.
As a medical staffing agency that fosters long relationships with their employees, we’re determined to help amplify your personal and career growth through placement. We identify both temporary and permanent positions for candidates, and even some temp-to-perm positions that begin as 13-week programs.
We have many positions available across the country, so let's discuss what would be a good fit for you!
Benefits
Medical, Dental, and Vision
Short-Term Disability
Long-Term Disability
Life Insurance
401(k)
Certification & License Reimbursement
Refer-a-friend Bonus Program
Direct Deposit - Weekly
24-Hour Support
Show more
Show less","CT, Radiology, Allied Health, Travel, Imaging","['ct', 'radiology', 'allied health', 'travel', 'imaging']"
https://www.linkedin.com/jobs/view/case-manager-rn-at-national-staffing-solutions-3791404044,"At National Staffing Solutions, we have the privilege and honor of working with dedicated healthcare professionals that make a positive impact in aiding those needing healthcare services across the U.S. every day.
It is our passion, drive and integrity that enables us to continue our focus in assisting remarkable healthcare professionals like yourself in solidifying the best career opportunities available to you.
We’re currently seeking a
Case Manager RN
to join our amazing team.
Details Of The Case Manager RN Opening
Anticipated start date: ASAP
Salary Range: $1,600 - $2,100 weekly
Anticipated duration of assignment: 13 weeks
Anticipated schedule: Varies
Enjoy peace of mind knowing you can elect Day One Medical Benefits
Daily Range Of Responsibilities Of The Case Manager RN
Organize, oversee, and deliver care coordination and care management services to patients.
Conduct a comprehensive assessment of patients’ physical, mental, and psychosocial needs.
Develop care plans to prevent disease exacerbation, improve outcomes, increase patient engagement in self-care, decrease risk status, and minimize hospital and ED utilization.
Assist patients in navigating the health care system.
Oversee specialty care, follow-up on test results and other care coordination needs.
Qualifications For The Case Manager RN
Bachelor’s degree in Nursing from an accredited nursing program.
Active/Unrestricted RN license in the state of practice.
One or more year(s) of Hospital Case Management experience.
Advanced knowledge of EMRs.
Current CPR certification.
Certified Case Manager (CCM) preferred.
Submit your resume to us today for consideration of the
Case Manager RN
opening and one of our dedicated recruiters will be in touch within 24 business hours.
We are an equal opportunity employer and value diversity at our company. We do not discriminate on the basis of race, religion, color, national origin, gender, sexual orientation, age, marital status, veteran status, or disability status.
Show more
Show less","Nursing, EMRs, CPR certification, Bachelor's degree in Nursing, Active/Unrestricted RN license, Advanced knowledge of EMRs, One or more years of Hospital Case Management experience, Certified Case Manager (CCM)","['nursing', 'emrs', 'cpr certification', ""bachelor's degree in nursing"", 'active/unrestricted rn license', 'advanced knowledge of emrs', 'one or more years of hospital case management experience', 'certified case manager (ccm)']"
https://www.linkedin.com/jobs/view/travel-interventional-radiology-technologist-%242-427-per-week-at-nationwide-therapy-group-3803830645,"Nationwide Therapy Group is seeking a travel Interventional Radiology Technologist for a travel job in Saratoga Springs, New York. Job Description & Requirements Specialty: Interventional Radiology Technologist Discipline: Allied Health Professional Start Date: 01/29/2024 Duration: 13 weeks 36 hours per week Shift: 12 hours, days Employment Type: Travel NTG is committed to matching you to the right position and we pride ourselves on our commitment to our travelers. This includes offering exceptional pay packages along with these great benefits: Medical, dental, and vision insurance Required Licensure, certifications, and CEU reimbursements Competitive 401K plan Great referral program Contact NTG for more information on this opportunity, compensation options, additional locations, and more! Nationwide Therapy Group Job ID #23995556. Pay package is based on 12 hour shifts and 36.0 hours per week (subject to confirmation) with tax-free stipend amount to be determined. Posted job title: Rad Tech:Interventional Rad Tech,07:00:00-19:00:00 About Nationwide Therapy Group NTG is a proud partner with healthcare professionals across the country. We are Joint Commission certified, and specialize in staffing all areas of nursing, therapy, and allied health in all 50 states. Our focus is YOU... the traveler! Our goal is to help you find the perfect opportunity through some of the best recruiters in the business. We want to provide an agency experience that is easy and stress-free so you can focus on what you do best... providing exceptional care to your patients! Benefits Holiday Pay Weekly pay Guaranteed Hours 401k retirement plan Medical benefits Mileage reimbursement Referral bonus License and certification reimbursement Dental benefits
Show more
Show less","Interventional Radiology Technologist, Allied Health, Shift work, Medical dental and vision insurance, 401K plan, Referral program, Licensure, Certifications, CEU reimbursements, Stipend, Joint Commission certified, Travel, Nursing, Therapy, Allied health","['interventional radiology technologist', 'allied health', 'shift work', 'medical dental and vision insurance', '401k plan', 'referral program', 'licensure', 'certifications', 'ceu reimbursements', 'stipend', 'joint commission certified', 'travel', 'nursing', 'therapy', 'allied health']"
https://uk.linkedin.com/jobs/view/duty-manager-at-whitbread-3755094706,"We're currently recruiting in our Winchester Premier Inn. Working 40 hours per week, paying up to £11.95 per hour.
Duty Manager – Winchester Premier Inn
Come and be a Duty Manager at Winchester Premier Inn. Manage a winning partnership between our leadership and housekeeping teams to make sure all aspects of the hotel experience are welcoming, safe and brilliant. Immediate start – retail experience relevant.
PAY RATE:
Up to £11.95 per hour
CONTRACT TYPE:
Permanent – we don’t do zero hours contracts!
HOURS:
40 hours a week – guaranteed hours to plan your week around
LOCATION:
Winchester (SO23 7RT)
Why you’ll love it here:
Training and support: We’ve got a warm welcome and simple administration system to use that will make your job easier from the start PLUS the clear career path within our business.
Whitbread Benefits card: Enjoy up to 60% off Premier Inn rooms and 25% off meals in all Whitbread Restaurants
Pension and saving schemes: Company pension and save as you earn scheme
Discounts: Get money off shops, your utility bills, travel, cinema trips, supermarkets and more
Have breakfast on us: Enjoy a complimentary Premier Inn breakfast for 2 when you join us
What you’ll do:
Join our team at Winchester Premier Inn as a Duty Manager, and use your eye for detail, excellent organisational skills and a fantastic way with people to manage our hotel. Be part of the UK’s leading hospitality business, Whitbread.
We believe that everyone is unique and there should be no barriers to entry and no limits to ambition. We are committed to being an inclusive organisation that values diversity and welcomes your application whatever your background or situation.
Under-represented groups such as women, ethnic minorities, people with disabilities & members of the LGBTQIA+ community (those who identify as lesbian, gay, bi, trans and non-binary or those who use a different LGBTQIA+ term), are strongly encouraged to build a career with us. Speak to us about workplace adjustments, part-time and flexible working. Where possible we will support this.
Job ref:
822965-1629
Advertised:
09 Nov 2023
Show more
Show less","Hospitality, Customer Service, Organizational Skills, Teamwork, Communication, Time Management, DetailOriented, ProblemSolving, Leadership","['hospitality', 'customer service', 'organizational skills', 'teamwork', 'communication', 'time management', 'detailoriented', 'problemsolving', 'leadership']"
https://www.linkedin.com/jobs/view/travel-allied-health-professional-radiology-technologist-at-coast-medical-service-3805739573,"Coast Medical Service is seeking a travel Radiology Technologist for a travel job in Puyallup, Washington.
Job Description & Requirements
Specialty: Radiology Technologist
Discipline: Allied Health Professional
Start Date: 02/12/2024
Duration: 13 weeks
40 hours per week
Shift: 8 hours, days
Employment Type: Travel
Coast Medical Service is a nationwide travel nursing & allied healthcare staffing agency dedicated to providing an elite traveler experience for the experienced or first-time traveler. Coast is featured on Blue Pipes' 2023 Best Travel Agencies and named a 2022 Top Rated Healthcare Staffing Firm & 2023 First Half Top Rated Healthcare Staffing Firm by Great Recruiters. Please note that pay rate may differ for locally based candidates. Please apply here or contact a recruiter directly to learn more about this position & the facility, and/or explore others that may be of interest to you. We look forward to speaking with you!
Coast Medical Services Job ID #24593091. Pay package is based on 8 hour shifts and 40.0 hours per week (subject to confirmation) with tax-free stipend amount to be determined. Posted job title: Allied:Radiology Tech,07:00:00-15:30:00
Benefits
Holiday Pay
Sick pay
401k retirement plan
Pet insurance
Health Care FSA
Show more
Show less","Radiology, Allied Health, Travel Nursing, Healthcare Staffing, Blue Pipes, Great Recruiters, Pay Package, Stipend, Holiday Pay, Sick Pay, 401k Retirement Plan, Pet Insurance, Health Care FSA","['radiology', 'allied health', 'travel nursing', 'healthcare staffing', 'blue pipes', 'great recruiters', 'pay package', 'stipend', 'holiday pay', 'sick pay', '401k retirement plan', 'pet insurance', 'health care fsa']"
https://www.linkedin.com/jobs/view/case-manager-lmhc-at-mclean-hospital-3804601643,"McLean Hospital is a comprehensive psychiatric hospital committed to providing easy access to superior quality, cost-effective mental health services in the Boston area, Massachusetts and beyond. Since 1811, McLean Hospital has been a world leader in the treatment of mental illness and chemical dependency, research into the cause of mental illness and the training of generations of mental health care providers. McLean's multidisciplinary programs treat a broad range of psychiatric illnesses across the full continuum of care.
Summary
The Case Manager LMHC is accountable/responsible for the day to day treatment, management, disposition, and aftercare plan for his/her assigned patients with particular attention to taking responsibility for the prudent use of clinical resources. The Case Manager LMHC position requires flexibility and excellent interpersonal skills both with internal and external customers. Case Manager positions also require some evening and/or weekend hours. All duties and responsibilities are performed under the supervision of an independently licensed mental health professional.
Responsibilities
RESPONSIBILITIES AND STANDARDS OF PERFORMANCE
Responsibility
Clinical Responsibilities
Provide ongoing assessment and formulation of the patient's needs in order to update the patient's plan of care
including responsibility for the timely completion of a Treatment Plan that will satisfy clinical and regulatory
requirements.
Provide clinical services to patients as appropriate, according to the age of the patient Provide clinical services to family members, as indicated.
Coordinate the delivery of services by the patient's multidisciplinary treatment team.
Act as primary liaison with family and significant others, referrers and community agencies and professionals to develop a timely and comprehensive discharge plan that includes access to services for patients and, where appropriate, family members.
This per diem position will be based at McLean Fernside in Princeton, MA.
Competency in a range of psychotherapeutic approaches (CBT, DBT, motivational interviewing, supportive/ expressive therapy) and modalities (group, individual, and family).
Administrative Functions
Collaborate with the Utilization Manager to manage the patient's care in a manner that is both clinically and fiscally sound; where appropriate, be the designated contact with managed care organizations
Ensure the timely completion of all documentation and other required paperwork needed to facilitate patient
evaluation, transition and billing (e.g., treatment plans, progress notes, discharge summaries, psychosocial
assessment, signed releases, patient care referral forms, etc.).
Other Responsibilities
Demonstrate a commitment to his/her professional growth and competency in order to enhance patient care and
job performance.
Contribute to the efficient operation of the program, the hospital and. where appropriate, his/her clinical department through team work, cooperation and participation in problem solving activities.
All McLean team members are expected to consistently demonstrate our values of integrity, compassion, respect, diversity, teamwork, excellence and innovation in their work activities and interactions.
Education: Master's in Mental Health Counseling or a related field
License: LMHC
Skills/Abilities/Competencies
Broad range of clinical skills including psychiatric assessment, capacity to formulate a case and develop a therapeutic alliance, and plan treatment and aftercare.
Crisis stabilization.
Family support and intervention.
Clinical privileges or eligibility for privileges in his/her discipline in individual, family and couples treatment
Familiarity with the discharge planning process as well as community resources, public service delivery systems^ and consumer entitlement programs.
Excellent written and verbal communication skills.
Ability to work collaboratively within a rapidly changing system of care.
All employees must possess basic computer skills to use a variety of electronic or online systems for communication, clinical and administrative purposes.
Experience;
A minimum of one-year post degree experience or equivalent in an inpatient, partial, or outpatient setting, preferably with substance use disorder patients
Experience in providing a range of clinical services including: assessment, treatment and discharge planning.
Experience in a managed care environment and the capacity to work collaboratively with managed care organizations.
Experience working collaboratively with multidisciplinary staff both within the Hospital and the community at large.
All employees must possess basic computer skills to use a variety of electronic or online systems for communication, clinical and administrative purposes
Primary Location
MA-Princeton-MCL Princeton
Work Locations
MCL Princeton
Job
Case Management
Organization
McLean Hospital(MCL)
Schedule
Per Diem
Standard Hours
1
Shift
Day Job
Employee Status
Regular
Recruiting Department
MCL Princeton ADATP
Job Posting
Jan 12, 2024
Show more
Show less","Case Management, Mental health counseling, Psychotherapy, CBT, DBT, Motivational interviewing, Supportive/expressive therapy, Group therapy, Individual therapy, Family therapy, Crisis stabilization, Family support, Intervention, Discharge planning, Community resources, Public service delivery systems, Consumer entitlement programs, Written communication, Verbal communication, Collaboration, Teamwork, Problemsolving, Computer skills, Psychiatric assessment, Treatment planning, Aftercare planning, Managed care, Multidisciplinary staff, Inpatient setting, Partial hospitalization, Outpatient setting, Substance use disorder, Assessment, Treatment, Discharge planning","['case management', 'mental health counseling', 'psychotherapy', 'cbt', 'dbt', 'motivational interviewing', 'supportive/expressive therapy', 'group therapy', 'individual therapy', 'family therapy', 'crisis stabilization', 'family support', 'intervention', 'discharge planning', 'community resources', 'public service delivery systems', 'consumer entitlement programs', 'written communication', 'verbal communication', 'collaboration', 'teamwork', 'problemsolving', 'computer skills', 'psychiatric assessment', 'treatment planning', 'aftercare planning', 'managed care', 'multidisciplinary staff', 'inpatient setting', 'partial hospitalization', 'outpatient setting', 'substance use disorder', 'assessment', 'treatment', 'discharge planning']"
https://www.linkedin.com/jobs/view/travel-allied-health-professional-ct-technologist-at-flexcare-medical-staffing-3791820377,"FlexCare Imaging is seeking a travel CT Technologist for a travel job in Fargo, North Dakota.
Job Description & Requirements
Specialty: CT Technologist
Discipline: Allied Health Professional
Start Date: 01/22/2024
Duration: 13 weeks
36 hours per week
Shift: 12 hours, nights
Employment Type: Travel
FlexCare Imaging Job ID #JOB-01313299. Pay package is based on 12 hour shifts and 36 hours per week (subject to confirmation) with tax-free stipend amount to be determined.
About FlexCare Imaging
Since 2006, FlexCare Medical Staffing has grown to become a nationwide leader in travel nursing, therapy, and allied staffing services for top healthcare facilities around the country. Our mission is to improve the lives of everyone we touch by delivering premier staffing solutions with integrity and transparency. As a result, FlexCare continues to be recognized as of the top companies in the nation from industry authorities like Staffing Industry Analysts, and Travel Nursing Central
Benefits
Medical benefits
Dental benefits
Vision benefits
Show more
Show less","CT Technologist, Allied Health Professional, Travel Nursing, Medical Staffing, Staffing Services, Healthcare Facilities, Integrity, Transparency, Medical Benefits, Dental Benefits, Vision Benefits","['ct technologist', 'allied health professional', 'travel nursing', 'medical staffing', 'staffing services', 'healthcare facilities', 'integrity', 'transparency', 'medical benefits', 'dental benefits', 'vision benefits']"
https://www.linkedin.com/jobs/view/radiologic-technologists-at-gotham-enterprises-ltd-3783304497,"Full-Time Radiologic Technologists at Grady Diagnostic Lab in Long Beach, CA
Our healthcare facility is seeking a highly skilled and motivated Radiologic Technologist to join our team. As a Radiologic Technologist, you will be responsible for performing various diagnostic imaging procedures and ensuring patient safety and comfort. You will work closely with our physicians and medical staff to provide accurate and high-quality images to aid in patient diagnoses.
Responsibilities:
Perform a variety of diagnostic imaging procedures, including X-rays, CT scans, MRI, and mammography
Adjust and maintain imaging equipment to ensure accurate and high-quality images
Prepare patients for imaging procedures and ensure their comfort and safety throughout the process
Review and interpret images to determine if additional images are needed or if there are any abnormalities that require further evaluation
Work collaboratively with physicians and medical staff to ensure accurate and timely diagnoses
Maintain patient records and adhere to HIPAA regulations to protect patient privacy
Keep up-to-date with advances in technology and equipment to ensure the highest level of patient care
Requirements:
Associate degree or higher in Radiologic Technology or a related field
Valid certification and registration with the American Registry of Radiologic Technologists (ARRT)
State licensure to practice as a Radiologic Technologist
Excellent communication and interpersonal skills
Ability to work effectively in a fast-paced and high-stress environment
Strong attention to detail and ability to maintain accurate records
Salary and Compensation:
Competitive salary $50,000 to $75,000 per year based on experience and qualifications
Health, dental, and vision insurance
401(k) retirement plan with company match
Paid time off and holiday pay
Continuing education and professional development opportunities
If you are a dedicated and skilled Radiologic Technologist who is committed to providing the highest level of patient care, we encourage you to apply for this exciting opportunity.
Show more
Show less","Radiologic Technology, Xrays, CT scans, MRI, Mammography, Medical Imaging Equipment, Patient Care, Patient Records, HIPAA Compliance, Medical Terminology, ARRT Certification, State Licensure, Communication Skills, Interpersonal Skills, Fastpaced Environment, Attention to Detail, Recordkeeping, Health Insurance, Dental Insurance, Vision Insurance, 401(k) Plan, Paid Time Off, Holiday Pay, Continuing Education, Professional Development","['radiologic technology', 'xrays', 'ct scans', 'mri', 'mammography', 'medical imaging equipment', 'patient care', 'patient records', 'hipaa compliance', 'medical terminology', 'arrt certification', 'state licensure', 'communication skills', 'interpersonal skills', 'fastpaced environment', 'attention to detail', 'recordkeeping', 'health insurance', 'dental insurance', 'vision insurance', '401(k) plan', 'paid time off', 'holiday pay', 'continuing education', 'professional development']"
https://uk.linkedin.com/jobs/view/locum-general-radiographer-at-your-world-recruitment-group-3783162394,"This position is available on a full time basis to start on 19/12/2023 with a pay of £25 P/H.
To be successful in this role you will possess the following Essential Criteria:
HCPC
NHS experience
1 years experience
Your World Healthcare is a leading specialist healthcare recruitment agency, placing a range of healthcare professionals from Nurses and Doctors to the full range of Allied Health Professionals (AHP) and Health Science Services (HSS).
Our Market Leading Benefits Package Includes
CPD Assistance
Ongoing PDP
Mandatory Training Arrangements
NHS Approved Service
UK employment opportunities
Dedicated Consultant
Contactable 24 hours per day 365 days per year
Expert payroll team
Efficient, dedicated compliance service
We are an equal opportunities employer
To discuss this opportunity in more detail, Apply Now, or contact the Radiography Team at Your World Healthcare on
Job reference number: YW-B4I9
Show more
Show less","HCPC, NHS experience, 1 year experience","['hcpc', 'nhs experience', '1 year experience']"
https://uk.linkedin.com/jobs/view/hgv-workshop-manager-at-platinum-recruitment-consultancy-the-hospitality-specialists-3799494312,"Role: Workshop Manager
Location: Southampton, Hampshire
Employer: HGV LCV Fleet Maintenance
Salary: up to £48,000 basic + bonus + Great benefits
Join this National company as the Workshop Manager in Southampton. Experienced Workshop Manager needed offering great benefits.
Basic salary up to £48,000 pa
Monday to Friday.
Expanding business with career potential.
Fantastic opportunity to shape the future of the business.
Excellent holiday package, pension and benefits.
Lots of additional courses and further training.
Why choose our Client?
Our client runs a large commercial vehicle fleet that is maintained in house by their own state of the art workshops. Join their team as the Workshop Manager and ensure the fleet is serviced, maintained, compliant and on the road.
Responsibilities
Dealing with scheduled vehicle maintenance.
Workshop management, loading and scheduling.
Managing a team of workshop and field service technicians.
Running a range of daily and weekly reports as directed.
All warranty and retail invoicing.
Liaising with external customers and suppliers.
Experience Essential For This Role
Automotive workshop management experience within a transport operation.
A strong manager and team player with a positive attitude.
Ability to maintain complex schedules.
Must have Experience as a motor trade workshop manager.
Great communication skills and PC literate in Word, Excel and Outlook
Apply Now
If this role suits you Click
Apply Now
and one of the team will be in touch to discuss this Workshop Manager Southampton role.
Don't forget to speak to your consultant about our ""Recommend a Friend"" referral scheme and find out how you could earn up to £250 per recommendation.
Consultant: Neil Taylor-Smith
Job Number: 927248  INDIND
Job Role: Workshop Manager
Location: Southampton, Hampshire
Platinum Recruitment is acting as an Employment Agency in relation to this vacancy.
Show more
Show less","Workshop Management, Motor Trade Workshop Management, Scheduling, Team Leadership, Communication, MS Office (Word Excel Outlook), Warranty and Retail Invoicing, Vehicle Maintenance, Customer and Supplier Liaison","['workshop management', 'motor trade workshop management', 'scheduling', 'team leadership', 'communication', 'ms office (word excel outlook)', 'warranty and retail invoicing', 'vehicle maintenance', 'customer and supplier liaison']"
https://www.linkedin.com/jobs/view/internal-medicine-physician-%24115-000-yearly-%24135-000-yearly-at-doccafe-3799305678,"DocCafe has an immediate opening for the following position: Physician - Internal Medicine in Bridgeport, Connecticut.
This is a full-time position. Make $115,000/yearly - $135,000/yearly.
DocCafe is the premier physician and physician assistant job board to help you advance your healthcare career.
Register now to apply for this job and for access to 125,000+ other openings.
DocCafe Offers:
Free Physician and Physician Assistant Job Search Easily search, review and apply to jobs that meet your requirements. Plus, set up e-mail alerts for when new jobs are added that meet your search criteria.
Professional Profile Attract employers with a profile page that includes your CV, credentials and other medical professional information.
Confidentiality Decide which information you want to share and when you appear in an employer’s search results.
Career Matching Support Our experienced team can match you to your dream physician or PA job based on your unique preferences.
Get started with DocCafe today.
Show more
Show less","Physician, Internal Medicine","['physician', 'internal medicine']"
https://www.linkedin.com/jobs/view/travel-allied-health-professional-radiology-technologist-at-premier-healthcare-professionals-3803574924,"PHP is seeking a travel Radiology Technologist for a travel job in Lawrenceville, Georgia.
Job Description & Requirements
Specialty: Radiology Technologist
Discipline: Allied Health Professional
Start Date: 01/15/2024
Duration: 13 weeks
36 hours per week
Shift: 12 hours, nights
Employment Type: Travel
PHP Job ID #236400. Pay package is based on 12 hour shifts and 36 hours per week (subject to confirmation) with tax-free stipend amount to be determined.
About PHP
At PHP, you are always the first focus! For us, it isn’t simply about hiring staff, it’s about building a solid family of healthcare professionals by expanding their premium employment opportunities, guiding them through every step of the process, and providing them with the highest compensation and best benefit packages in the industry. With over 20 years of experience, travel contracts in all 50 states and internationally, and many industry awards and recognitions, Premier Healthcare Professionals focuses on quality, not quantity. That is our commitment!
Show more
Show less","PHP, Radiology Technologist, Allied Health Professional, 12hour shifts nights, Travel, Compensation, Benefit packages","['php', 'radiology technologist', 'allied health professional', '12hour shifts nights', 'travel', 'compensation', 'benefit packages']"
https://www.linkedin.com/jobs/view/travel-interventional-radiology-technologist-%242-440-per-week-at-magnet-medical-3803820606,"Magnet Medical is seeking a travel Interventional Radiology Technologist for a travel job in Lexington, Kentucky. Job Description & Requirements Specialty: Interventional Radiology Technologist Discipline: Allied Health Professional Start Date: 02/12/2024 Duration: 14 weeks 36 hours per week Shift: 12 hours, days Employment Type: Travel Competently operates angiographic equipment used t Magnet Medical Job ID #24199624. Pay package is based on 12 hour shifts and 36.0 hours per week (subject to confirmation) with tax-free stipend amount to be determined. Posted job title: Tech:IR Tech,07:00:00-19:00:00
Show more
Show less","Interventional Radiology Technologist, Angiography, Travel","['interventional radiology technologist', 'angiography', 'travel']"
https://www.linkedin.com/jobs/view/bilingual-sales-and-retention-account-executive-no-cold-calling-at-jobs-for-humanity-3791319476,"Company Description
Jobs for Humanity is partnering with DISH to build an inclusive and just employment ecosystem. Therefore, we prioritize individuals coming from the following communities: Refugee, Neurodivergent, Single Parent, Blind or Low Vision, Deaf or Hard of Hearing, Black, Hispanic, Asian, Military Veterans, the Elderly, the LGBTQ, and Justice Impacted individuals. This position is open to candidates who reside in and have the legal right to work in the country where the job is located.
Company Name: DISH
Job Description
Department Summary
Join our elite, award-winning Inside Sales & Retention team. Target earnings of $64,000 with the ability to earn more than six figures a year!
Overview
At DISH, we are changing how the world communicates by connecting customers with the best experiences in entertainment and technology. Our inbound sales and customer retention team members successfully influence existing and future customer decision-making by selling the value of DISH’s products and services using a consultative approach. This position is 100% inbound new and existing customers -
no cold calling!
What’s In It for You?
The total target compensation for this position is $64,000 per year, consisting of base pay and uncapped commission, with the potential to earn significantly more based on performance. In this role, your attitude, effort, enthusiasm, and need to achieve directly fuel your ability to earn, with top performers making well over six figures annually!
You’ll also receive the following:
Comprehensive paid training
Medical, dental, and vision insurance benefits
Paid time off, 401(k) with company-matched funds, employee stock purchase plan, and tuition reimbursement
Free DISH TV at your home, plus deeply discounted Sling TV and Boost Mobile plans
Incredible Rewards and Recognition program with food days, branded clothing, high-value prizes, on and off-site events, elaborate rewards trips, and much more
Our greatest benefit is opportunity, as we promote from within.
Ability to promote two levels within your first year with commensurate title and hourly pay increase
Ongoing training and development to maximize your career potential
The Associate Account Executive position provides incredible opportunities to develop sales skills, earn, and grow a long-term career with a Fortune 200 company that generates over $17 billion in revenue. DISH provides the training, development, and tools to be successful.
Interested? Apply now and let’s talk!
Environment
This position entails working in-office at a desk handling inbound customer calls throughout your shift. Individuals in this position work a full-time schedule (40 hours/week), including weekends and holidays.
Base pay is $15.75/hour with an uncapped commission. The target compensation is $64,000 per year.
At DISH, we celebrate and embrace diversity and inclusion, where all people are welcome and supported. Learn more about how our employees come together, share common interests, and make important connections, both in and out of work; Employee Resource Groups.
Job Duties And Responsibilities
Successfully sell DISH products and services to new and existing customers using the ability to present compelling offers and influence customer decision-making
Effectively manage time, open to learning new methods, and looking to advance as a sales contributor
Demonstrate the ability and resilience to bounce back from challenges and maintain focus on larger goals
Assess each customer and their needs to offer the best value
Ability to build and maintain customer relationships
Document customer information including demographic, billing, etc.
Provide excellent customer service, listen to the customer, and ensure their satisfaction
Show more
Show less","Inbound sales, Customer retention, Consultative approach, Uncapped commission, Medical dental and vision insurance benefits, Paid time off, 401(k) with companymatched funds, Employee stock purchase plan, Tuition reimbursement, Free DISH TV, Discounted Sling TV and Boost Mobile plans, Rewards and Recognition program, Promotion opportunities, Ongoing training and development, Sales skills, Customer service skills, Communication skills, Time management skills, Problemsolving skills, Resilience, Ability to build and maintain customer relationships, Ability to assess customer needs, Ability to provide excellent customer service","['inbound sales', 'customer retention', 'consultative approach', 'uncapped commission', 'medical dental and vision insurance benefits', 'paid time off', '401(k) with companymatched funds', 'employee stock purchase plan', 'tuition reimbursement', 'free dish tv', 'discounted sling tv and boost mobile plans', 'rewards and recognition program', 'promotion opportunities', 'ongoing training and development', 'sales skills', 'customer service skills', 'communication skills', 'time management skills', 'problemsolving skills', 'resilience', 'ability to build and maintain customer relationships', 'ability to assess customer needs', 'ability to provide excellent customer service']"
https://www.linkedin.com/jobs/view/outside-sales-consultant-lv-at-system-pavers-3790258642,"BUILD AN AMAZING CAREER WITH SYSTEM PAVERS!
System Pavers is growing at a tremendous rate, and we are looking to expand our sales team with motivated, outgoing Outside Sales Consultants ! In this position, you will meet with homeowners to discuss their outdoor living needs. You will then help bring their vision to life by discussing options for their space, including project estimates and personalized design possibilities.
Our Design Consultants Enjoy
Nearly unlimited earning potential (our top performers have been hitting $200k+ in income!) .
W-2 employment status which includes f ull benefits : health, dental , vision, life, and a 401K with company match .
Continuous education and career development opportunities , including our SP University and fiel d training as well as our Sales Manager development program.
Job Responsibilities
Mak e initial contact with clients via company generated appointments and build rapport.
Accurately uncover and assess customers’ needs and vision for their outdoor space.
Measur e outdoor spaces and design p ersonalized solutions.
Maintain a homeowner-centric focus that prioritizes service and satisfaction.
Work closely with the construction department to provide a seamless customer experience.
Utilize company technology platforms for designing projects, submitting contracts , etc.
Genera te leads in your personal pipeline in tandem with the company leads.
Experience & Skills
P revious successful sales experience or a strong interest in kickstarting your sales career.
Comfortable using basic office programs and learning new technology .
Must have your driver’s license and be able to meet driving insurance guidelines .
Construction experience a plus .
If you have passion for home improvement and/or experience providing high level customer service ( I.e., windows, bathrooms/kitchens, solar, hospitality, auto sales, real estate, etc.) , this might be the position for you !
About You
Self-motivated: You’re driven by a desire and the ability to meet and exceed your performance goals through friendly competition amongst your team
Great Communicator: You excel in both verbal and written communications
Personable: You’re known for your outgoing personality and professionalism
Creative Problem Solver: You love the idea of helping homeowners fulfill their outdoor living dreams through projects that add lasting value and beauty
About Us
As the nation’s leading outdoor remodeling company, System Pavers has been creating gorgeous, personalized living spaces that deliver quality, beauty, and durability we proudly stand behind. Since opening in 1992, more than 85,000 homeowners have trusted us to transform their outdoor lifestyles through remodels that add lasting value to their homes. As an established company with a reputation for stellar work, we’re looking forward to many more years of meeting and exceeding customer expectations as leaders in our industry.
We invite you to experience and become a part of our amazing culture as we help one another pave the way to personal and professional success. Join our energetic and positive team as we help guide homeowners through a rewarding outdoor remodeling journey.
Find out more about us by visiting our website or visiting our careers page, here .
As an Outside Sales Consultant at System Pavers, you will see visible results of your work and everything you do will make a difference to the success of our entire company. System Pavers has a fantastic and dedicated team focused on helping our customers make memories with their friends and family.
System Pavers is proud to be an inclusive and equal opportunity employer of a diverse set of individuals and will consider for employment all qualified applicants. System Pavers requires the satisfactory passing of a standard background check for all positions and a clean driving record when driving for the job is required .
Apply Now
Show more
Show less","Sales, Project Management, Design, Communication, Customer Service, Problem Solving, Construction, Home Improvement, Lead Generation, Microsoft Office","['sales', 'project management', 'design', 'communication', 'customer service', 'problem solving', 'construction', 'home improvement', 'lead generation', 'microsoft office']"
https://uk.linkedin.com/jobs/view/locum-ct-radiographer-at-your-world-recruitment-group-3778587565,"This position is available on an ad-hoc basis to start on 12/12/2023 with a pay of £30 - £33 P/H.
To be successful in this role you will possess the following Essential Criteria:
HCPC
Car driver
NHS experience
1 years experience
Your World Healthcare is a leading specialist healthcare recruitment agency, placing a range of healthcare professionals from Nurses and Doctors to the full range of Allied Health Professionals (AHP) and Health Science Services (HSS).
Our Market Leading Benefits Package Includes
CPD Assistance
Ongoing PDP
Mandatory Training Arrangements
NHS Approved Service
UK employment opportunities
Dedicated Consultant
Contactable 24 hours per day 365 days per year
Expert payroll team
Efficient, dedicated compliance service
We are an equal opportunities employer
If this sounds like the perfect role for you, click the apply button now. To find out more about this opportunity or others we have to offer, contact Karolina Semjonova at
Job reference number: YW-2usU
Show more
Show less","HCPC, Car driver, NHS experience, 1 year experience","['hcpc', 'car driver', 'nhs experience', '1 year experience']"
https://www.linkedin.com/jobs/view/multi-modality-tech-per-diem-rotate-at-tenet-healthcare-3805993239,"Summary
Under minimal supervision, the Multi Modality Tech performs complex diagnostic imaging procedures in at least two modalities, as requested by a licensed physician.
The Multi Modality Tech produces high quality diagnostic images while providing excellent patient care.
The Multi Modality Tech completes established competencies for the position within designated introductory period.
Other related duties as assigned.
Responsibilities
The Multi Modality Tech produces high quality images in a safe and efficient manner.
Completes required exams.
The Multi Modality Tech sends studies to reading station for radiologist review, completes all associated documentation.
Qualifications
Education
Required:
Graduate of an accredited Imaging Program, CT/MRI registry eligible
Experience
Required:
2 years clinical experience in more than one modality. ARRT CT/MRI registry eligible required
Preferred:
ARRT CT or MRI
Certifications
Required:
ARRT ( R ) and documentation of CT or MRI experience, must obtain advance credential in CT or MRI within one year of hire. BLS; state license if required
Tenet complies with federal, state, and/or local laws regarding mandatory vaccination of its workforce. If you are offered this position and must be vaccinated under any applicable law, you will be required to show proof of full vaccination or obtain an approval of a religious or medical exemption prior to your start date. If you receive an exemption from the vaccination requirement, you will be required to submit to regular testing in accordance with the law.
2305023792
Employment practices will not be influenced or affected by an applicant’s or employee’s race, color, religion, sex (including pregnancy), national origin, age, disability, genetic information, sexual orientation, gender identity or expression, veteran status or any other legally protected status. Tenet will make reasonable accommodations for qualified individuals with disabilities unless doing so would result in an undue hardship.
Show more
Show less","Diagnostic Imaging, CT/MRI, ARRT, BLS, Medical License","['diagnostic imaging', 'ct/mri', 'arrt', 'bls', 'medical license']"
https://www.linkedin.com/jobs/view/cpp-recreation-spec-200514-at-job-corps-3789908558,"Company Description
We help job seekers and career changers prepare for and advance in careers with a focus on sustainable, high-growth, high-demand industries. Our committed and well-trained workforce professionals deliver comprehensive workforce solutions at integrated career centers, sector-focused centers and community, and partner sites.
Job Description
Responsible for conducting, and supervising/chaperoning a wide variety of leisure-time activities for all students
Plans and directs group activities aimed at developing appropriate group interaction, team work and cooperation
Teaches physical education
Supervises, coaches and/or instructs indoor and outdoor team and athletic events
Participates in maintenance, procurement and selection of athletic equipment, facilities and supplies
Other duties as assigned
Qualifications
High School Education Required
Experience in Recreation working with youth
Additional Information
Equus Workforce Solutions is a leading provider of workforce development services in North America. With a dedicated and passionate team, Equus puts the industry’s best practices to work by focusing on the development, design, and delivery of demand-driven workforce solutions.
When you join Equus, you can expect extensive learning opportunities and networking programs. But most of all you can expect to make a lasting impact on the lives of others.
At Equus we are strengthened by diversity. We are committed to providing a work environment in which everyone is included, treated fairly and with respect. Equus Workforce Solutions is proud to be an Equal Opportunity Employer. All qualified applicants will receive consideration for employment without regard to race, color, gender, age, pregnancy, sexual orientation, gender identity, ancestry, religion, national origin, veteran status, physical or mental disability, or reprisal or any other characteristic protected under state, federal, or local law.
Show more
Show less","High School Education, Experience in Recreation, Group Activities, Team Work, Cooperation, Physical Education, Coaching, Athletics, Maintenance, Procurement, Athletic Equipment, Athletic Facilities","['high school education', 'experience in recreation', 'group activities', 'team work', 'cooperation', 'physical education', 'coaching', 'athletics', 'maintenance', 'procurement', 'athletic equipment', 'athletic facilities']"
https://www.linkedin.com/jobs/view/inventory-supervisor-at-id-logistics-us-3755805447,"ID Logistics is an international contract logistics company with more than 300 sites across 18 countries, representing 5.5 million square meters of warehousing facilities in America, Europe, Asia and Africa, and 20,000 employees. With a client portfolio balanced between retail, industry, detail picking, healthcare and e-commerce sectors, ID Logistics delivers high-tech solutions and is firmly committed to sustainable development.
Responsibilities:
Leverages SAP and other systems to execute “day to day” inventory control, to consistently achieve fill rates while minimizing Inventory days on hand across the global supply chain. Identifies and prioritizes root causes of fill rate issues and excess inventory and drives corrective actions and control mechanisms across cross-functional teams.
Manages supplier relations and partners with supplier to address fill rate, lead time, damaged in-transit issues and supplier return process. Creates import orders based on containerization requirements.
Follow corporate and site-specific Good Manufacturing Practices and report noncompliance
when observed.
Daily Call Off Report to identify red-flagged Items for following Week’s Pre-Planning
Weekly Report on Purchase Orders open and/or outstanding; both for Invoicing and Production
Periodic Destruction Write-Offs to minimize Warehouse Capacity in terms of Obsolete and Storage
Other duties as assigned.
Salary: 60,000.00 - 70,000.00
Requirements
Description of the Position:
Support management on the responsibility and authority to ensure that processes needed for inventory management across the enterprise. Responsible for creating replenishment strategies, executing SKU transitions, maintaining network balance through parameters, and
collaborating with internal and external cross functional partners.
Requirements:
3+ years of supervisory experience in a distribution, 3PL, or warehouse environment
Bachelor’s Degree in Logistics/Supply Chain, or general business preferred
The Ability to troubleshoot errors and execute corrective actions
Vendor Management skills
Strong communication skills, to be able to present complex data analysis to both, internal
and external customers
Strong Microsoft Office experience including Word, Excel, PowerPoint, and Outlook
Experience with SAP, WMS software, Nulogy, and Red Prairie required
Experience with Rescheduling Weekly, Order Delivery, Order Rescheduling and Order
Cancelation
Experience with 5S and continuous improvement programs
Proficiency with Forecasting
Show more
Show less","SAP, WMS software, Nulogy, Red Prairie, Inventory management, Replenishment strategies, SKU transitions, Network balance, Vendor management, Communication skills, Microsoft Office Suite, 5S, Continuous improvement programs, Forecasting, Supervisory experience, Distribution, 3PL, Warehouse environment, Bachelor's Degree in Logistics/Supply Chain or general business","['sap', 'wms software', 'nulogy', 'red prairie', 'inventory management', 'replenishment strategies', 'sku transitions', 'network balance', 'vendor management', 'communication skills', 'microsoft office suite', '5s', 'continuous improvement programs', 'forecasting', 'supervisory experience', 'distribution', '3pl', 'warehouse environment', ""bachelor's degree in logistics/supply chain or general business""]"
https://www.linkedin.com/jobs/view/recruiting-manager-acute-care-division-at-supplemental-health-care-3776424101,"What does an Associate Recruiting Manager do?
As an entry level role, the Associate Recruiting Manager will establish and build Supplemental Health Care’s reputation and brand throughout the market while recruiting and retaining healthcare professionals using Company core values of Integrity, Candor, Accountability, Respect and Excellence. Achieve individual performance goals by operating the Supplemental Way in exceeding minimum activity standards. The Associate Recruiting Manager role is a short-term, up to 12-month role. Employees are expected to promote to a Recruiting Manager within this time frame.
What does your day-to-day look like?
Hit minimum performance standards per week
Maintain operational excellence through achieving the “Minimum Performance Standards"" including but not limited to:
Support gross profit (GP) goals of the Division with value calculator management
Support Joint Commission standards and the entire compliance process to achieve 100% compliance; coordinate the collection and renewal of expiring field talent documents
Achieve 90% Retention of field talent through the Talent for Life scorecard
Achieving standards for all minimum activity requirements including touches, cold calls, interviews, flips and submissions
Work directly with Manager to agreed upon goals and create strategy to complete
Negotiate, compose and execute contracts
Responsible for job postings, email blasts, call blasts and other recruitment functions
Support recruitment efforts currently underway and those for the future
Present appropriate features of the Supplemental Advantages to meet field talent needs as well as handle objections
Assist payroll by collecting timesheets; follow-up with field talent as needed
Assist with housing arrangements for field talent
Perform quarterly license verifications on active field talent
Help to create an environment of high morale, motivation and teamwork
What you will need to possess to succeed?
One year of equivalent experience preferred
Knowledge of business and management principles involved in recruiting, staffing, production methods, human resources, and/or similar or relevant work experience
Knowledge of proper grammar, spelling and rules of composition
Knowledge of principles and methods for selling recruiting services; this includes marketing strategy and tactics, sales techniques, and sales management systems
What We Want To Offer You
An Industry best, uncapped commission plan and bonuses to help you achieve your financial goals
A commitment from all leadership to help you succeed and develop you within your role
Permissive paid time off with six paid company-wide holidays.
A thorough and highly rated training program that will provide the knowledge and skills to succeed in your role
401 (k) retirement plan with company match
Traditional healthcare benefits such as medical, vision, and dental
Supplemental benefits such as life, disability, hospital, critical illness, and pet insurance
Unique benefits include mental health and financial wellness programs, LinkedIn Learning, Employee Resource Groups, and leadership development programs.
An enjoyable online work environment that includes some company paid lunches and Supplemental Health Care merchandise
Opportunity for you to be sent on a luxury, expense-paid vacation and become a member of Supplemental Health Care’s Champions Circle
A remote work environment provides equipment such as laptops, a computer screen, keyboards, mouse, headset, computer camera, and computer bag
Pay Range:
$16.00 - $22.00 per hour depending on experience + uncapped Commissions and bonuses
Salary range may vary due to different state's requirements
Diversity Statement
We are greater when we are equal. We believe inclusivity is the celebration of multiple experiences, approaches, and points of view. We bring together the best people, provide world-class opportunities, and cultivate an environment where we all succeed. Our commitment to inclusion across race, gender, age, religion, identity, and experience drives us forward every day. It fuels our innovation and connects us closer to our clients and the communities we serve.
Equal Opportunity/Affirmative Action Employer - Supplemental Health Care is an Equal Employment Opportunity Employer.
Supplemental Health Care participates in E-Verify to confirm work authorization. Please visit www.uscis.gov for more information.
Show more
Show less","Recruiting, Staffing, Production Methods, Human Resources, Grammar, Spelling, Composition, Sales Techniques, Sales Management, LinkedIn Learning, Online Work Environment","['recruiting', 'staffing', 'production methods', 'human resources', 'grammar', 'spelling', 'composition', 'sales techniques', 'sales management', 'linkedin learning', 'online work environment']"
https://www.linkedin.com/jobs/view/travel-rn-tele-step-down-1787-00-week-24210002expplat-at-travelnursesource-3804660525,"TravelNurseSource is working with Stability Healthcare to find a qualified Stepdown RN in Nashville, Tennessee, 37205!
Pay Information
$1,787 per week
About The Position
About Stability Healthcare
At Stability, we have built a nurse friendly platform that simplifies finding travel nursing jobs without the need for a recruiter.
We believe in pay transparency and that is why we aggregate thousands of jobs from hospitals hourly displaying full pay rates creating a no-haggle no-hassle job search approach.
Once a nurse selects an assignment of their choice, we then empower the nurses with an easy profile generator allowing nurses to submit themselves for an interview with confidence knowing they've booked an open job with the pay and location of their choice.
Stability displays to their nurses the best travel nursing jobs allowing for faster submissions, scheduling of Interviews, and ultimately landing our nurses their preferred assignment.
Job Requirements
Active BLS and ACLS from the American Heart Association
Active professional license within the state of practice
NIHSS stroke scale certification and other specialty-related certifications are preferred and may be required for specific positions
Experience as a Telemetry RN in a hospital setting
Minimum of 2 years of experience as an RN
Benefits
Agency Benefits
Day 1 Health Insurance (Medical, Dental, Vision), Flexible Housing Options, Guaranteed Stipend: Facility Cancelled Shifts, JACHO Certified, Prestigious Facilities, PTO Program, Weekly Pay, Paid Compliance Cost, Referral Bonuses, Extra Shift Bonuses, 401(k) Plan
About Stability Healthcare
Stability is a no-hassle healthcare job platform and an award-winning agency
ALL IN ONE
. We're supporting the next wave of great healthcare professionals nationwide.
At Stability Healthcare, we put our nurses first. Since our start, we’ve had one goal - to connect travel nurses to jobs in the most simple and supportive way possible. With technology at our roots, we’ve created a platform that is easy to use and built a team to support you every step of the way. That means more time living out your travel nursing dreams and less time job hunting.
With the relationships we have cultivated over the years, we have access to prime travel assignments from thousands of facilities across the country. We tell you everything you need to know the moment you find your job so that you don’t have to jump through hoops to get the best deal - no tricky negotiations here.
Show more
Show less","Travel Nursing, BLS (Basic Life Support), ACLS (Advanced Cardiac Life Support), NIHSS (National Institutes of Health Stroke Scale), Telemetry RN, 2+ years RN experience, Health Insurance, Dental Insurance, Vision Insurance, Housing Options, Stipend, JACHO Certification, PTO, Weekly Pay, 401(k) Plan, Hospital Setting","['travel nursing', 'bls (basic life support)', 'acls (advanced cardiac life support)', 'nihss (national institutes of health stroke scale)', 'telemetry rn', '2+ years rn experience', 'health insurance', 'dental insurance', 'vision insurance', 'housing options', 'stipend', 'jacho certification', 'pto', 'weekly pay', '401(k) plan', 'hospital setting']"
https://www.linkedin.com/jobs/view/er-rn-at-american-medical-staffing-3803877496,"American Medical Staffing
RN
ER
American Medical Staffing (AMS) is currently seeking a RN - ER for agency contract positions in Schenectady, NY
Details
RN-ER
Location: Schenectady, NY
Shift Time: Nights 7p-730a Full time hours
Number of Positions: 1
Travel Weekly Gross: Starting at $2600.00
Specific details regarding compensation, population, unit/caseload details, experience requirements and scheduling are available upon request, talk with a recruiter today.
Adventure Awaits! With AMS, you’ll enjoy benefits like:
COMPENSATION that is competitive, negotiable, and paid weekly
BONUSES when you refer others - $500 for you and $500 for them
BENEFITS on Day 1, including medical, dental, vision, and supplemental benefits
RETIREMENT PLANS after 90 days of employment
REIMBURSEMENT for travel and other incidentals
PAID TIME OFF that is flexible to your needs
EXPERT SUPPORT for compliance, credentialing/licensure, and CEU
MENTORING specific to the travel nurse experience
Along with AMS’s support in the lead-up to your assignment (e.g., credentialing, negotiating pay, etc.), we also have a team of coaches you can connect with for advice, training and development, or just to network. Like you, these advisors are AMS clinicians who have a passion for high-quality care, knowledge-sharing, and the acute environment.
About
We want you to feel as empowered as possible. Which is why, for over 20 years, we’ve helped professionals like you grow and chart a new course in their careers. Here are just a few things your peers say about us:
“I like that my recruiter works with me to get the best assignments—and I love that my recruiter checks up on me.” -Angela S, AMS Acute RN
“Everyone at AMS has always been attentive and authentic with me.” -Jeanne W, AMS Acute RN
“Without fail, my recruiter calls and checks on me to see how I’m doing and if I need anything. This has created a close, trusting bond.” -Michael H, AMS Acute RN
You have a lot of options when it comes to who you partner with—and we understand that. So, as you trek out and discover what’s next, consider the WHOLE experience you want to have. AMS isn’t along for the ride or there for one assignment. We want to help you create genuine moments in your career that are authentic, empowering, and extraordinary.
Apply Now
American Medical Staffing (AMS) is an Equal Employment Opportunity Employer and does not discriminate in employment on the basis of race, color, religion, sex (including pregnancy and gender identity), national origin, political affiliation, sexual orientation, marital status, disability, genetic information, age, membership in an employee organization, retaliation, parental status, military service, or other non-merit factor
Show more
Show less","RN, ER, Schenectady NY, Fulltime hours, Night shift (7p730a), Travel Weekly Gross: Starting at $2600.00, Competitive negotiable compensation, Weekly pay, $500 referral bonuses, Benefits on Day 1 (medical dental vision supplemental), Retirement plans after 90 days of employment, Travel and incidentals reimbursement, Flexible paid time off, Compliance credentialing/licensure and CEU support, Mentoring specific to travel nurse experience, Credentialing negotiating pay advice training development and networking support, Acute environment","['rn', 'er', 'schenectady ny', 'fulltime hours', 'night shift (7p730a)', 'travel weekly gross: starting at $2600.00', 'competitive negotiable compensation', 'weekly pay', '$500 referral bonuses', 'benefits on day 1 (medical dental vision supplemental)', 'retirement plans after 90 days of employment', 'travel and incidentals reimbursement', 'flexible paid time off', 'compliance credentialing/licensure and ceu support', 'mentoring specific to travel nurse experience', 'credentialing negotiating pay advice training development and networking support', 'acute environment']"
https://www.linkedin.com/jobs/view/senior-fitness-sales-associate-at-club-pilates-3787764998,"Excellent opportunity for a goal-orientated sales person!
Competitive salary plus 10% commission
Medical benefits, 401K match available to full-time employees
Growth potential to Assistant General Manager or General Manager
Want to work in beautiful Pilates studio with a welcoming, upbeat atmosphere?
Do you enjoy helping people and making money?
Would you like to take free reformer-based Pilates classes?
We are building a great sales team and would love to hear from you!!
COMPANY OVERVIEW:
Club Pilates offers group reformer classes in various formats and levels to accommodate everyone seeking to learn Pilates and hone their fitness expertise. Club Pilates is a well-established, nation-wide brand, committed to providing affordable and accessible Pilates to the community.
POSITION:
The purpose of the Sales Associate is to assist the General Manager with new membership sales by responding to leads and booking them into Intro Classes. The SA also assists with retaining current members. Pilates fitness knowledge or background is preferred but not required. Our ideal candidate will have membership sales experience and be promotable to management.
REQUIREMENTS:
Excellent sales, communication, and customer service skills required
Goal-oriented with an ability to achieve sales in memberships, retail, private training, and teacher training
Ability to learn and use the Club Ready software system
Must be fluent in English and have excellent communication skills via in person, phone and email
Must have proficient computer skills
RESPONSIBILITIES:
Execute sales process of lead generation, follow up, and close
Conduct tours of the facility while establishing a relationship and targeting individual’s needs and wants
Maintain acceptable level of personal sales production
Emphasize and enforce objectives of the club as a fitness and wellness provider
Present available services to current or prospective members
Book quality appointments to achieve monthly sales quota
Participate in special events (health fairs, grand openings, marathons, and community and hospital events) to promote the club
Assumes responsibility for developing selling skills
Other duties as assigned
COMPENSATION & PERKS:
This position offers a very competitive base; based on experience.
Commission paid on sales
Medical benefits available to full time employees
Huge opportunities for growth within the studios including additional sales and management positions
Other benefits and perks:
Flexible schedules
WORKOUT FOR FREE!
Fitness casual dress-code
Passionate, collaborative work environment
Powered by JazzHR
IfwSC0Aq1o
Show more
Show less","Sales skills, Communication skills, Customer service skills, Goaloriented, Membership sales experience, Ability to achieve sales in memberships retail private training and teacher training, Ability to learn and use Club Ready software system, Fluency in English, Excellent communication skills via in person phone and email, Proficient computer skills, Lead generation, Follow up, Close sales, Conduct tours of the facility, Establish relationships with clients, Target individual's needs and wants, Maintain personal sales production, Emphasize and enforce club objectives, Present available services to members, Book quality appointments, Participate in special events, Develop selling skills, Flexible schedule, Free workout, Fitness casual dress code","['sales skills', 'communication skills', 'customer service skills', 'goaloriented', 'membership sales experience', 'ability to achieve sales in memberships retail private training and teacher training', 'ability to learn and use club ready software system', 'fluency in english', 'excellent communication skills via in person phone and email', 'proficient computer skills', 'lead generation', 'follow up', 'close sales', 'conduct tours of the facility', 'establish relationships with clients', ""target individual's needs and wants"", 'maintain personal sales production', 'emphasize and enforce club objectives', 'present available services to members', 'book quality appointments', 'participate in special events', 'develop selling skills', 'flexible schedule', 'free workout', 'fitness casual dress code']"
https://www.linkedin.com/jobs/view/registered-nurse-rn-icu-at-community-memorial-healthcare-3803518792,"Salary Range $45.76 - $72.20 / hour
The pay range above represents the lowest possible rate for the position and the highest possible rate. Factors that may be used to determine where newly hired employees will be placed in the pay range include the employee specific skills and qualifications, relevant years of experience and comparison to other employees already in this role. Most often, a newly hired employee will be placed below the midpoint of the range.
If you are viewing this posting on a job site, please visit our company page and search for the opportunity to view the pay range https//careers-mycmh.icims.com/jobs
Pay for PRN positions is calculated differently than Full-Time, Regular Part-Time, and Part-Time positions. PRN Rates depend on the position and other factors, including years of experience, or shift commitment according to the department policy. PRN differential is added in certain positions.
Position Overview
Provides nursing care to critical care patients in the ICU/CCU. Effectively plans and communicates patient and family education. Participates in unit based educational activities. Accurately and timely documentation consistent with practice and hospital policy.
FULL-TIME DAY SHIFT POSITIONS MAY BE ELIGIBLE FOR A $3,000 SIGN-ON BONUS AND ELIGIBLE FOR A $1,000 EMPLOYEE REFERRAL BONUS *
Required
Current CA Registered Nurse License
Current Basic Life Support (BLS) Certification
Current Advanced Cardiac Life Support (ACLS) Certification
Current Pediatric Advanced Life Support (PALS) Certification (OVCH Only)
Six (6) months of recent full-time acute care ICU/CCU experience in an acute care hospital
Successful completion of Stroke/Sepsis Education competency within 6 months of hire
Preferred
Bachelors of Science Degree in Nursing (BSN)
Critical Care Registered Nurse (CCRN)
Knowledge of Det Norske Veritas (DNV)
When it comes to quality, we're 5 Star!
Community Memorial Health System was established in 2005 when Community Memorial Hospital in Ventura merged with Ojai Valley Community Hospital. It is comprised of these two hospitals along with a network of primary and specialty care health centers serving various communities across west Ventura County. Our health system is a community-owned, not-for-profit organization. As such, we are not backed by a corporate or government entity, nor do we answer to shareholders. We depend on – and answer to – the communities we serve.
Community Memorial Hospital – Ventura has been awarded a prestigious five-star rating by the Centers for Medicare & Medicaid Services (CMS)! This achievement represents thousands of people going the extra mile every day for our patients, and we are the ONLY hospital in Ventura County to earn this distinction!
Community Memorial Healthcare Benefits
To help heal, comfort, and promote health for the communities we serve, Community Memorial Healthcare takes care of our community of employees so our local community can be cared for. That’s why we provide competitive benefits, along with great career choices, training, and leadership development. Our total rewards package provides benefits that support you and your family’s health and wellness in all aspects of life. From our top tier insurance plans to our employee assistance program, take advantage of what CMH has to offer so you and your loved ones can have peace of mind now and for years to come. CMH is here for you and your family every step of the way.
Competitive Pay
Shift Differentials
In-House Registry Rates
Fidelity 403(b) Retirement Plan
Paid Time Off
Medical (EPO/PPO), Dental, & Vision Insurance Coverage
Voluntary Worksite Benefits
Employee Assistance Program Available 24/7 (EAP)
Tuition Reimbursement
Public Service Loan Forgiveness (PSLF)
Recognition programs
Employee service recognition events
Home, Retail, Travel & Entertainment Discounts
National Hospital Week and National Nurses Week celebrations
Community Memorial Healthcare is an equal opportunity employer to all, regardless of age, ancestry, color, disability (mental and physical), exercising the right to family care and medical leave, gender, gender expression, gender identity, genetic information, marital status, medical condition, military or veteran status, national origin, political affiliation, race, religious creed, sex (includes pregnancy, childbirth, breastfeeding and related medical conditions), and sexual orientation. We strive to promote an environment where exceptional people bring diverse perspectives and find belonging, support and connection to their work in our community.
“We are an AA/EEO/Veterans/Disabled Employer”
Show more
Show less","Nursing, Critical Care, ACLS, BLS, PALS, Stroke/Sepsis Education, BSN, CCRN, DNV","['nursing', 'critical care', 'acls', 'bls', 'pals', 'stroke/sepsis education', 'bsn', 'ccrn', 'dnv']"
https://www.linkedin.com/jobs/view/senior-assistant-store-manager-at-spencer-s-3798226514,"Job Description
Hourly rate ranges from $19.25 to $20.50 and is dependent upon qualifications and experience.
The Assistant Store Manager is responsible for establishing and maintaining Guest Services. The Assistant Manager is responsible for supporting the Store Manager in the various tasks involved in the overall operation of a store, ensuring maximum sales and profitability by developing staff, controlling expenses and shrinkage as well as all aspects of merchandising and inventory control in adherence with all Company policies and procedures.
This position will work up to 38 hours per week. The minimum age requirement for an Assistant Store Manager is 18. The physical demands of the job require in excess of 8 hours of standing, walking, climbing ladders and lifting up to 50 pounds. Prior retail and or management experience is required.
As an equal opportunity employer, Spencer Gifts – Spirit Halloween considers applicants for all positions without regard to race, color, sex, religion, national origin, disability, age, height, weight, marital status, sexual orientation, familial status, genetic information or any other characteristic or protected classes as defined by federal, state/provincial, or local law. Spencer Gifts – Spirit Halloween will consider for employment qualified applicants with criminal histories.
Show more
Show less","Retail management experience, Merchandising, Inventory control, Physical tasks (lifting standing walking climbing)","['retail management experience', 'merchandising', 'inventory control', 'physical tasks (lifting standing walking climbing)']"
https://www.linkedin.com/jobs/view/travel-rn-telemetry-at-aureus-medical-group-3805280298,"Aureus Medical Group - Nursing is seeking a travel nurse RN Telemetry for a travel nursing job in Grass Valley, California.
Job Description & Requirements
Specialty: Telemetry
Discipline: RN
Start Date: ASAP
Duration: 17 weeks
36 hours per week
Shift: 12 hours, nights
Employment Type: Travel
Estimated payment breakdown
~$2751.00-$2961.00/wk*
~$1218.00-$1428.00 in weekly taxable income
~$29.00/hr-$34.00/hr*
Estimate assumes an 12 hour shift. Hourly rate may change based on shift length.
~$1533.00 in non-taxable stipend*
Actual amount subject to eligibility and seasonal/annual adjustments
Top rated facility in Grass Valley, CA in need of a Telemetry RN for a travel assignment.
Position:
RN
Specialty/Modality:
RN-Telemetry
Licenses/Certifications:
CPR/BLS (Basic Life Support), State License-RN-California, ACLS (Advance Cardiac Life Support)
Physical Abilities:
From 50-100lbs
For the most prompt response, please APPLY ONLINE.
As always, there is never a fee for candidates to utilize our services.
Aureus Medical Group - Nursing Job ID #138-24-2588085. Pay package is based on 12 hour shifts and 36 hours per week (subject to confirmation) with tax-free stipend amount to be determined. Posted job title: RN / REGISTERED NURSE / TELEMETRY RN / TELEMETRY NURSE
About Aureus Medical Group - Nursing
Rewarding Careers. Experiences of a Lifetime.
At Aureus Medical Group®, we do more than connect you with a career opportunity. We help you create your ideal lifestyle. For more than 35 years we’ve helped healthcare professionals embark on journeys, scale mountains, and discover new spaces, places, and faces. We’re dedicated to your success, your dreams, and your adventures.
As a travel nurse with Aureus, you'll have the whole package - outstanding benefits, one-to-one personal service, 24/7 contact, and an recruiter who specializes in your area of specialty. With thousands of available travel jobs across the country, we’re sure to have the right fit for you.
When it comes to your career, Aureus will take you places. Let’s get started!
Show more
Show less","Telemetry, CPR/BLS, ACLS, California RN License","['telemetry', 'cpr/bls', 'acls', 'california rn license']"
https://www.linkedin.com/jobs/view/lead-sales-associate-pt-at-dollar-general-3580078821,"Dollar General Corporation has been delivering value to shoppers for more than 80 years. Dollar General helps shoppers Save time. Save money. Every day.® by offering products that are frequently used and replenished, such as food, snacks, health and beauty aids, cleaning supplies, basic apparel, housewares and seasonal items at everyday low prices in convenient neighborhood locations. Dollar General operates more than 18,000 stores in 47 states, and we’re still growing. Learn more about Dollar General at www.dollargeneral.com.
GENERAL SUMMARY
Function as a Cashier and/or Stocker and act in a lead capacity in the absence of the Store Manager or Assistant Store Manager. Assist in setting and maintaining plan-o-grams and programs. Provide exemplary customer service. Perform other duties as necessary to maximize profitability, customer satisfaction, and teamwork, while protecting company assets and reducing losses.
DUTIES and ESSENTIAL JOB FUNCTIONS
Unload trucks according to the prescribed process for the store.
Follow company work processes to receive, open and unpack cartons and totes.
Stock merchandise; rotate and face merchandise on shelves and build merchandise displays.
Restock returned and recovered merchandise.
Order zones and drop shipment categories, following prescribed ordering practices, as assigned by the Store Manager.
Assist in plan-o-gram implementation and maintenance.
Assist customers by locating merchandise.
Bail cardboard and take out trash; dust and mop store floors; clean restroom and stockroom.
Greet customers as they enter the store.
Maintain register countertops and bags; implement register countertop plan-o-grams.
Operate cash register and flatbed scanner to itemize and total customer's purchase; bag merchandise.
Collect payment from customer and make change.
Clean front end of store and help set up sidewalk displays.
Help to maintain a clean, well-organized store and facilitate a safe and secure working and shopping environment.
Provide superior customer service leadership.
Follow company policies and procedures as outlined in the Standard Operating Procedures manual, Employee Handbook, and company communications.
Open and/or close the store under specific direction of the Area Manager.
In the Absence of the Store Manager or Assistant Store Manager
Authorize and sign for refunds and overrides; count register; make bank deposits.
Assist in maintaining strict cashier accountability, key control, and adherence to company security practices and cash control procedures.
Monitor cash levels and make appropriate drawer pulls as directed by the Store Manager.
Monitor cameras for unusual activities (customers and employees), if applicable.
Supply cashiers with change when needed.
Complete all required paperwork and documentation according to guidelines and deadlines as assigned.
KNOWLEDGE and SKILLS
Ability to perform mathematical calculations such as addition, subtraction, multiplication, division, and percentages.
Knowledge of cash handling procedures including cashier accountability and deposit control.
Ability to perform IBM cash register functions.
Knowledge of cash, facility and safety control policies and practices.
Effective interpersonal and oral & written communication skills.
Understanding of safety policies and practices.
Ability to read and follow plan-o-gram and merchandise presentation guidance.
WORK EXPERIENCE and/or EDUCATION
High school diploma or equivalent and six months of supervisory experience (or related experience/training) preferred.
Relocation assistance is not available for this position.
Dollar General Corporation is an equal opportunity employer.
Show more
Show less","Cashier, Stocker, Planograms, Customer service, IBM cash register, Cash handling, Deposit control, Safety policies, Communication skills, Planogram reading, High school diploma, Supervisory experience","['cashier', 'stocker', 'planograms', 'customer service', 'ibm cash register', 'cash handling', 'deposit control', 'safety policies', 'communication skills', 'planogram reading', 'high school diploma', 'supervisory experience']"
https://www.linkedin.com/jobs/view/registrar-at-hca-healthcare-3801874563,"Description
Introduction
Do you have the career opportunities as a Registrar you want with your current employer? We have an exciting opportunity for you to join Pinewood Springs which is part of the nation's leading provider of healthcare services, HCA Healthcare.
Benefits
Pinewood Springs, offers a total rewards package that supports the health, life, career and retirement of our colleagues. The available plans and programs include:
Comprehensive medical coverage that covers many common services at no cost or for a low copay. Plans include prescription drug and behavioral health coverage as well as free telemedicine services and free AirMed medical transportation.
Additional options for dental and vision benefits, life and disability coverage, flexible spending accounts, supplemental health protection plans (accident, critical illness, hospital indemnity), auto and home insurance, identity theft protection, legal counseling, long-term care coverage, moving assistance, pet insurance and more.
Free counseling services and resources for emotional, physical and financial wellbeing
401(k) Plan with a 100% match on 3% to 9% of pay (based on years of service)
Employee Stock Purchase Plan with 10% off HCA Healthcare stock
Family support through fertility and family building benefits with Progyny and adoption assistance.
Referral services for child, elder and pet care, home and auto repair, event planning and more
Consumer discounts through Abenity and Consumer Discounts
Retirement readiness, rollover assistance services and preferred banking partnerships
Education assistance (tuition, student loan, certification support, dependent scholarships)
Colleague recognition program
Time Away From Work Program (paid time off, paid family leave, long- and short-term disability coverage and leaves of absence)
Employee Health Assistance Fund that offers free employee-only coverage to full-time and part-time colleagues based on income.
Learn More About Employee Benefits
Note: Eligibility for benefits may vary by location.
Our teams are a committed, caring group of colleagues. Do you want to work as a(an) Registrar where your passion for creating positive patient interactions are valued? If you are dedicated to caring for the well-being of others, this could be your next opportunity. We want your knowledge and expertise!
Job Summary And Qualifications
As a Registrar, you will be responsible for timely and accurate patient registration. You will also interview patients for all pertinent account information and verify insurance coverage.
What you will do in this role:
Interview patients at workstation or at bedside to obtain all necessary account information. Bedside registration performed utilizing carts/computers on wheels
Provide exemplary Customer Service
Ensure charts are completed and accurate
Verify all insurance and obtain pre-certification/authorization
Calculate and collect patient liability amounts
Ensure that all necessary signatures are obtained for treatments
Process patient charts according to paperwork flow needs and established productivity standards
Interview incoming patients, his/her relatives, or other responsible individuals to obtain identifying and demographical information with insurance and financial information
Assign Insurance Plans (IPlans)accurately
Verify insurance benefits and determine pre-certification/authorization status via online or other resources. If pre-certification/authorization/notification of admission is required and has not been obtained, initiate via Passport, on-line or phone call. Enter all information and authorization/referral numbers into the registration system.
Secure all signatures necessary for treatments, release of medical information, assignment of insurance benefits, and payment of services from legally responsible parties. Obtain copies of necessary identification and insurance cards.
Understand/explain policies regarding services, pricing, insurance billing, and payment of account.
What qualifications you will need:
1 year of related experience preferred.
Demonstrates proficiency in Microsoft Office applications required
Learn more about a day in the life of a Registra
r https://www.youtube.com/watch?v=zlHpzS5dpbE
Parallon
provides full-service revenue cycle management, or total patient account resolution, for HCA Healthcare. Our services include scheduling, registration, insurance verification, hospital billing, revenue integrity, collections, payment compliance, credentialing, health information management, customer service, payroll and physician billing. We also provide full-service revenue cycle management as well as targeted solutions, such as Medicaid Eligibility, for external clients across the country. Parallon has over 17,000 colleagues, and serves close to 1,000 hospitals and 3,000 physician practices, all making an impact on patients, providers and their communities.
HCA Healthcare has been recognized as one of the World’s Most Ethical Companies® by the Ethisphere Institute more than ten times. In recent years, HCA Healthcare spent an estimated $3.7 billion in cost for the delivery of charitable care, uninsured discounts, and other uncompensated expenses.
""Bricks and mortar do not make a hospital. People do.""- Dr. Thomas Frist, Sr.
HCA Healthcare Co-Founder
If you are looking for an opportunity that provides satisfaction and personal growth, we encourage you to apply for our Registrar opening. We promptly review all applications. Highly qualified candidates will be contacted for interviews.
Unlock the possibilities and apply today!
We are an equal opportunity employer and value diversity at our company. We do not discriminate on the basis of race, religion, color, national origin, gender, sexual orientation, age, marital status, veteran status, or disability status.
Show more
Show less","Microsoft Office, Patient Registration, Insurance Verification, Medical Billing, Customer Service, Data Entry, Communication, Problem Solving, Attention to Detail, Accuracy, Time Management, Organizational Skills, Empathy, Compassion","['microsoft office', 'patient registration', 'insurance verification', 'medical billing', 'customer service', 'data entry', 'communication', 'problem solving', 'attention to detail', 'accuracy', 'time management', 'organizational skills', 'empathy', 'compassion']"
https://au.linkedin.com/jobs/view/locum-pgy-5-icu-registrar-at-paragon-medics-3790809823,"The Details
$115 - $160 per hour
Flights, car and accommodation provided
COVID vaccination required
Why work with Paragon Medics?
Streamlined, Paperless recruitment process
Personable, and Honest recruitment
Industry Innovative Credentialing technology
For further information about this locum job role and other vacancies, please contact Maneesha Dablar now for a confidential discussion on 0403 333 124 or
Show more
Show less",Credentialing technology,['credentialing technology']
https://uk.linkedin.com/jobs/view/legal-recruitment-consultant-at-search-3805523909,"About This Role
The specialist legal recruitment team at SEARCH has been established for over 20 years and has an established offering in Private Practice and In House recruitment. With 20 consultants covering the London and the Southeast we are well placed to benefit from the current market conditions in the legal sector, which we do.
The Private Practice business in the Legal team is very established, working with some of the biggest names in the legal world from US and TOP 20 firms in the City to Regional firms in the Southeast. This delivers lots of jobs coming through from PSL accounts as well as the team creating their own orders through taking candidates to market.
The established Private Practice business is mainly placing lawyers in permanent roles in London and the South East. The team is based between in Brighton and London, with modern offices in both and a brilliant, collaborative team environment to be part of.
This opportunity will see you working in an established private practice team that have open doors for you to walk into to generate work, on top of your own business development efforts. We have a database of over 10,000 lawyers to work against and a great team to be part of.
We are looking for a person with recruitment experience, whether in legal or another specialism, who would describe themselves as a salesperson with an entrepreneurial outlook and a desire to be successful.
There is a highly competitive compensation package on offer, uncapped commission, fun incentives, and annual trips! On a career level you will have the opportunity to make your mark and be in control of your own journey which can take you all the way to being a director as quickly as you can do it.
Please apply as directed or contact David Holden for more information.
Search is an equal opportunities recruiter and we welcome applications from all suitably skilled or qualified applicants, regardless of their race, sex, disability, religion/beliefs, sexual orientation or age.
Show more
Show less","Recruitment, Sales, Business Development, Lawyer Placement, Private Practice, Legal Sector","['recruitment', 'sales', 'business development', 'lawyer placement', 'private practice', 'legal sector']"
https://www.linkedin.com/jobs/view/driver-recruiter-at-givens-incorporated-3781951043,"Givens is Driven To Deliver - both for our customers and our employees. As a leader in warehousing, distribution, and transportation services, Givens is seeking a dynamic individual to join our team as a Driver Recruiter. In this role, you will be responsible for sourcing and recruiting qualified drivers. At Givens, we believe in investing in our drivers and providing them with the necessary skills and resources to excel in their roles. If you are passionate about recruiting and have a background in driver training, we want to hear from you!
Additional responsibilities include but not limited to:
Initial Driver Interviews (Phone and In person)
DQ File Management
Facilitation of Driver Orientation
Coordination of pre-employment and random drug screens
Work in concert with Safety & Compliance as well as Maintenance Department
Assist Safety & Compliance in developing a comprehensive driver training program
Other duties/initiatives as assigned by Management
Requirements
Proven experience in recruiting, preferably in the transportation industry
Excellent communication skills, both written and verbal
Strong organizational and multitasking abilities
Attention to detail
Proficient in Microsoft Office Suite
Knowledge of DOT regulations and driver requirements
High School diploma or equivalent
Benefits
Health Care Plan (Medical, Dental & Vision)
Retirement Plan (401(k) with Company Match)
Life Insurance (Basic, Voluntary)
Paid Time Off
Ten Paid Holidays Per Year
Short Term & Long Term Disability
Show more
Show less","Driver Interviewing, DOT regulations, Microsoft Office Suite","['driver interviewing', 'dot regulations', 'microsoft office suite']"
https://www.linkedin.com/jobs/view/retail-associate-at-ross-stores-inc-3800452723,"Our values start with our people, join a team that values you!
We are the nation’s largest off-price retailer with over 2,000 stores, and a strong track record of success and growth. Our focus has always been bringing our customers a constant stream of high-quality brands and on-trend merchandise at extraordinary savings. All while providing a fun and exciting treasure hunt experience.
As Part Of Our Team, You Will Experience
Success. Our winning team pursues excellence while learning and evolving
Career growth. We develop industry leading talent because Ross grows when our people grow
Teamwork. We work together to solve the hard problems and find the right solution
Our commitment to Diversity, Equity & Inclusion, and our community. We celebrate the backgrounds, identities, and ideas of those who work and shop with us because our differences make us stronger. We strive to be a positive force in our community.
Our Corporate headquarters are in Dublin, CA, we have 3 buying offices in key markets in New York City, Los Angeles, and Boston, and 7 distribution centers nationwide. With 2022 revenues of $18.7 billion, we are a Fortune 500 company who is committed to providing an inclusive work environment with continuous learning opportunities and development for our teams.
Come see what’s in store: https://jobs.rossstores.com/creative/about
General Purpose
The Retail Associate is responsible for ensuring our Customers have a positive shopping experience. The Associate makes eye contact, smiles, and greets all Customers in a courteous and friendly manner, treats fellow Associates with respect, efficiently follows all company best practice standards as outlined in all work centers, maintains a clean work area at all times, and ensures proper merchandise presentation. The Retail Associate is expected to be engaged in these tasks as assigned during all working hours and will be expected to perform a range of functions in all areas of the Store as business needs require. The Associate may be requested to perform additional tasks in specific situations, if performance of these tasks will help achieve our Customer service and operational goals.
Essential Functions
Understands that safety is the number one priority and practices safe behaviors in everything they do.
Maintains a high level of awareness on the sales floor to create a safe and secure shopping environment for everyone. Maintains clutter free, clear egress to emergency exits. Immediately corrects or reports any unsafe conditions or practices to Store Leadership.
Treats all Customers and Associates with respect and courtesy; is friendly and professional at all times. Recognizes fellow Associates using Company recognition programs.
Assists Customers in any way necessary - is register-trained, assists Customers with merchandise, and answers Customer questions in a polite and knowledgeable manner. Greets all Customers by making eye contact, smiling and saying ""hello"" throughout the Store as well as saying ""thank you"" with every register transaction.
Provides prompt and efficient responses to Customers at all times. Responds to Customer Service calls immediately. Handles all Customer issues in a courteous and helpful way, calling a member of the Store Leadership when needed.
Represents and supports the Company brand at all times.
Performs cleaning tasks such as sweeping, mopping, dusting, wiping counters and mirrors, replenishing restroom supplies, and disinfecting high-touch areas including the front-end, sales floor and restrooms to help maintain merchandise, customer and Team areas.
Maintains a professional appearance and adheres to the Company's dress code at all times.
Performs cleaning tasks such as sweeping, mopping, dusting, wiping counters and mirrors, and replenishing restroom supplies to help maintain merchandise, customer and Team areas.
Performs daily assigned sizing and recovery per company best practice to ensure a neat, clean and organized store that is well-maintained and efficiently merchandised to standards.
Expedites newly received merchandise receipts to the sales floor with a sense of urgency, merchandising all items per company best practice to the monthly presentation guidelines and maintaining merchandise/brand name familiarity within departments to assist Customers.
Understands the Loss Prevention Awareness program, the Shortage Highway, the Store Protection Specialist (SPS) position (where applicable), and merchandise protection standards.
As a representative of Ross Inc., demonstrates integrity and honesty in all interactions with Associates and Customers. Safeguards confidential information, cash and credit card information, and merchandise.
Follows all Mark-Out-of-Stock (MOS) policies, including the identification of MOS merchandise, proper processing of each piece and the notification of Store Leadership to review and approve all disposals.
Follows all policies and procedures concerning cash, check, charge card and refund transactions, voids and offline procedures. Maintains a high level of awareness and accuracy when handling bankable tenders.
Demonstrates a sense of urgency to efficiently perform their role. Maximizes productivity by executing all Store best practices and minimizing steps and touches in their work flow.
Competencies
Manages Work Processes
Business Acumen
Plans, Aligns & Prioritizes
Builds Talent
Collaborates
Leading by Example
Communicates Effectively
Ensures Accountability & Execution
Qualifications And Special Skills Required
Effectively communicate with Customers, Associates and Store Leadership in a friendly, respectful, cooperative and pleasant manner.
Ability to perform basic mathematical calculations commonly used in retail environments.
Physical Requirements/Ada
Ability to use all Store equipment, including PDTs, registers and PC as required.
Ability to spend up to 100% of working time standing, walking, and moving around the Store.
Ability to regularly bend at the waist, squat, kneel, climb, carry, reach, and stoop.
Ability to occasionally push, pull and lift more than 25 pounds.
Ability to use janitorial equipment, rolling racks, ladders and other assigned supplies.
Certain assignments may require other qualifications and skills.
Associates who work Stockroom shifts: Ability to regularly push, pull and lift more than 20 pounds.
Supervisory Responsibilities
None
DISCLAIMER
This job description is a summary of the primary duties and responsibilities of the job and position. It is not intended to be a comprehensive or all-inclusive listing of duties and responsibilities. Contents are subject to change at management's discretion.
Ross is an equal employment opportunity employer. We consider individuals for employment or promotion according to their skills, abilities and experience. We believe that it is an essential part of the Company's overall commitment to attract, hire and develop a strong, talented and diverse workforce. Ross is committed to complying with all applicable laws prohibiting discrimination based on race, color, religious creed, age, national origin, ancestry, physical, mental or developmental disability, sex (which includes pregnancy, childbirth, breastfeeding and medical conditions related to pregnancy, childbirth or breastfeeding), veteran status, military status, marital or registered domestic partnership status, medical condition (including cancer or genetic characteristics), genetic information, gender, gender identity, gender expression, sexual orientation, as well as any other category protected by federal, state or local laws.
Show more
Show less","Customer service, Retail, Sales, Teamwork, Communication, Basic math skills, Willingness to work a physical job, Ability to use PDTs registers and PCs, Janitorial equipment, Rolling racks, Ladders","['customer service', 'retail', 'sales', 'teamwork', 'communication', 'basic math skills', 'willingness to work a physical job', 'ability to use pdts registers and pcs', 'janitorial equipment', 'rolling racks', 'ladders']"
https://www.linkedin.com/jobs/view/recruitment-consultant-tampa-at-ewi-recruitment-3592854119,"Recruitment Consultant / Assistant Vice President - Tampa, Florida
Are you a talented recruiter looking for your next career move? Would you like to work in an energetic environment with like-minded, successful recruiters? Do you want to be rewarded with a competitive salary and great benefits, including one of the best monthly commission schemes in the market? Are you motivated by fantastic career progression opportunities based on clear objectives and supported by industry-leading developmental training? Would you welcome the support but also the freedom to operate as the recruiter of choice in your chosen market?
Joining us will mean you can tick off all of the above - and more. Operating as a niche independent recruiter - but with the backing of one of the UK’s fastest growing, PE-backed recruitment groups - we are always seeking more talented recruiters to continue our rapid growth. You will be speaking to clients and candidates on a daily basis, matching CVs and people to jobs. You will be meeting clients, networking, using social media and job boards and managing candidates throughout the recruitment process.
The Person
You may have anything from one year’s experience plus - what is important is that you are innovative, solutions-focused and driven by success, combined with strong sales skills. You want to be the best recruiter possible in your market. You have a demonstrable track record of delivering results through building strong client and candidate relationships. Previous experience of the market could make you a particularly strong candidate; but we will consider consultants from any market if you have a desire to move into the market… one of the most lucrative markets in the recruitment industry.
Show more
Show less","Recruitment, Networking, Sales, Client relationship building, Social Media, Job boards, Candidate consultation, Communication","['recruitment', 'networking', 'sales', 'client relationship building', 'social media', 'job boards', 'candidate consultation', 'communication']"
https://www.linkedin.com/jobs/view/executive-recruiter-at-mission-staffing-3797238940,"Mission Staffing
is a leading provider of financial staffing solution services for the New York Metropolitan area. At Mission, we provide both consulting and permanent professional placement services of the highest possible caliber for our candidates and client companies. Our firm places a strong emphasis on developing relationships with clients to help them attain their recruiting goals. Equally important are the candidate relationships that we grow and maintain.
Mission Staffing
is seeking an
Executive Recruiter
to join our
Financial Services Front Office.
The Executive Recruiter will be responsible for identifying and screening candidates, presenting qualified candidates with new opportunities, coordinating interviews, and preparing candidates for interviews. This individual will also negotiate and extend offers. The ideal candidate will be hardworking, with strong attention to detail. Good communication skills, both written and verbal are needed. Knowledge of Microsoft Word and Outlook is also needed.
Responsibilities
:
Collaborate with account managers to understand the staffing needs of our clients.
Source, screen, and interview candidates for various roles, including but not limited to finance, accounting, compliance, and administrative positions.
Utilize various sourcing methods, such as job boards, social media platforms, professional networks, and direct outreach, to attract qualified candidates.
Evaluate candidate qualifications and assess overall fit for client organizations.
Maintain a strong candidate pipeline and proactively identify potential candidates for future job openings.
Coordinate and schedule interviews between candidates and client representatives.
Facilitate the hiring process by negotiating job offers and managing candidate expectations.
Build and maintain relationships with clients and candidates to ensure high levels of client satisfaction and candidate engagement.
Stay up-to-date with industry trends, market conditions, and changes in employment laws to ensure compliance and provide strategic guidance to clients and candidates.
Requirements
At least one year of experience as a recruiter in a staffing agency or corporate setting
Familiarity with applicant tracking systems (ATS) and other recruitment tools, is a plus.
Excellent communication and interpersonal skills.
Ability to multitask, prioritize workload, and meet tight deadlines.
Strong attention to detail and organizational skills.
Bachelor's degree
Show more
Show less","Talent Acquisition, Recruitment, Sourcing, Screening, Microsoft Word, Microsoft Outlook, Applicant Tracking Systems, Job Boards, Social Media, Professional Networks, Negotiation, Client Relations, Candidate Engagement, Industry Trends, Market Conditions, Employment Laws","['talent acquisition', 'recruitment', 'sourcing', 'screening', 'microsoft word', 'microsoft outlook', 'applicant tracking systems', 'job boards', 'social media', 'professional networks', 'negotiation', 'client relations', 'candidate engagement', 'industry trends', 'market conditions', 'employment laws']"
https://uk.linkedin.com/jobs/view/sen-reading-specialist-at-km-education-recruitment-3799216689,"KM Recruitment is a specialist UK wide recruiter for the Skills and Employability sectors.
Job Title:
SEN Reading Specialist
Location:
Centre based
Salary:
up to 28,000 (Depending on experience)
Package:
Excellent Holiday Entitlement, Pension + more
Type:
Full Time, Permanent
Duties:
To be an ambassador for reading, continually promoting the importance of reading to both delivery staff and learners.
Work in conjunction with the delivery team to identify and provide support to learners with additional reading needs.
Carry out screening with learners who have low level reading ability, and adapt / develop learning materials and reading interventions, to ensure that their needs are met.
Responsible for the implementation of engaging and motivational learning support sessions, delivered 1-1 or in a small group.
Deliver training to delivery staff in relation to reading and phonics.
Oversee the progress of learners undertaking reading interventions up to Support Level 3.
Creation of ILP's and ensure that ample support is in place.
Maintain learner progress records, including the monitoring and reviewing of Learning Support Plans.
Criteria:
Must have experience of working with neurodiverse learners / learners with inclusion needs within an educational setting.
Must have experience of delivering literacy and/or phonics interventions.
Must hold own GCSEs in Maths and English at Grade C or above.
Organisational skills are a must, as well as the ability to plan your time effectively.
Confident and professional with the ability to inspire and motivate people.
Please note:
KM Recruitment receive a high number of applications for each role advertised and although we would like to we are not always able to deliver feedback to unsuccessful candidates. If you have not been contacted within 4 days then unfortunately your application has been unsuccessful. Thank you for your interest and keep an eye on our website for future opportunities.
Show more
Show less","Special educational needs, Reading support, Phonics interventions, Literacy interventions, Organizational skills, Time management, Inspiration, Motivation","['special educational needs', 'reading support', 'phonics interventions', 'literacy interventions', 'organizational skills', 'time management', 'inspiration', 'motivation']"
https://www.linkedin.com/jobs/view/fin-cust-mgmt-sr-coordinator-at-pepsico-3748997316,"Responsibilities
Customer Portfolio Management
Generate ideas and seize opportunities to drive reduction in DCSO and aged balances
Leverage appropriate business practices to generate profitable customer relationships
Apply knowledge of key customer financial indicators to evaluate alternative courses of action
Initiate customer contact to manage collection process, including resolution of rebills
Facilitate and negotiate optimal resolution with customer accounts
Engage in customer interface to understand accounting, purchasing, and delivery processes and procedures
File Maintenance (i.e. hierarchy, store #, vendor #, statement, etc.)
Manage customer account activity through SAP
Initiate communication with internal teams to achieve thorough issue resolution, outline customer accounting processes, and maintain reliable customer service
Reporting and Analysis
Review and analyze aged trial balance to identify priority accounts to conduct and facilitate collection efforts with the team.
Root cause resolution to customer exceptions
Account projections and analysis of portfolio. Must understand internal operations to effectively recommend customer processing opportunities
Resolve customer discrepancies within a timely manner
Teamwork
Take ownership for both personal and team goals
Team player with ability to work autonomously
Individual Development Plan
Drive self development and continuous learning through coaching and feedback
Demonstrate concern for expanding own skill set and knowledge of business
Qualifications
2 - 4 Year Degree in Business, Finance, Accounting, or Economics
1 – 3 Years Relevant Experience
Proficient in all Windows Applications (emphasis on Excel)
Analytical, Assertive, and Results Driven
Highly Effective Interpersonal & Communication skills
Fosters Creativity and Innovation
Strong Team and Organizational skills
Compensation & Benefits:
The expected compensation range for this position is between $45,400 - $68,000 based on a full-time schedule.
Location confirmed job-related skills and experience will be considered in setting actual starting salary.
Paid time off subject to eligibility, including paid parental leave, vacation, sick, and bereavement.
In addition to salary, PepsiCo offers a comprehensive benefits package to support our employees and their families, subject to elections and eligibility: Medical, Dental, Vision, Disability, Health and Dependent Care Reimbursement Accounts, Employee Assistance Program (EAP), Insurance (Accident, Group Legal, Life), Defined Contribution Retirement Plan.
EEO Statement
All qualified applicants will receive consideration for employment without regard to race, color, religion, sex, sexual orientation, gender identity, national origin, protected veteran status, or disability status.
PepsiCo is an Equal Opportunity Employer: Female / Minority / Disability / Protected Veteran / Sexual Orientation / Gender Identity
If you'd like more information about your EEO rights as an applicant under the law, please download the available EEO is the Law & EEO is the Law Supplement documents. View PepsiCo EEO Policy.
Please view our Pay Transparency Statement
Show more
Show less","Customer Portfolio Management, SAP, Windows Applications, Excel, Data Analysis, Problem Solving, Communication, Teamwork, Leadership, Creativity, Innovation, Business Acumen, Accounting, Finance, Economics, Analytical Thinking, Assertiveness, Results Orientation, Interpersonal Skills, Team Building, Organizational Skills, SelfDevelopment, Continuous Learning, Coaching, Feedback, Windows OS, Microsoft Office Suite","['customer portfolio management', 'sap', 'windows applications', 'excel', 'data analysis', 'problem solving', 'communication', 'teamwork', 'leadership', 'creativity', 'innovation', 'business acumen', 'accounting', 'finance', 'economics', 'analytical thinking', 'assertiveness', 'results orientation', 'interpersonal skills', 'team building', 'organizational skills', 'selfdevelopment', 'continuous learning', 'coaching', 'feedback', 'windows os', 'microsoft office suite']"
https://www.linkedin.com/jobs/view/anesthesiologist-at-health-ecareers-3800368309,"Job Description & Requirements
Anesthesiologist
StartDate: ASAP Pay Rate: $485000.00 - $535000.00
Practice anesthesiology in an inviting Midwest community just an hour form Indianapolis. The position is designed to support you well, including a sign-on bonus and strong base salary which varies depending on your focus.
Opportunity Highlights
General Anesthesia – $485,000 base
Cardiac Anesthesia – $535,000 base
1:4 call or no call option
Sign-on bonus and student loan repayment option
$13,500 relocation bonus
Comprehensive benefits
Community Information
Home to a major university, this community has an extra dose of collegiate, community spirit. It’s a city with something for everyone—plenty of outdoor adventure, great schools, and fun local events every weekend. Plus, you’ll love how close it is to Indianapolis and all its top-notch entertainment.
Cost of living 21% lower than national average
Exceptional public and private school options
Thriving downtown with three cultural districts
Home to a major university + NCAA Division 1 sports
Tons of local events, festivals, concerts, and more
Convenient access to Chicago and Indianapolis, and their many amenities, including top-notch restaurants, live entertainment, and professional sporting events
Forbes ranks Indiana #11 in “Best States for Business”
Facility Location
Lafayette is just s short drive north from Indianapolis and just across the river from West Lafayette, home of Purdue University. Although Purdue is located across the river, it in many ways bolsters the economy and entertainment options of its sister city. The Lafayette Symphony and Greater Lafayette Art Museum offer much in the way of local performing arts culture, while the Long Center brings in regional and national musicians, comedians and performers. Columbia Park is a great family destination, offering exciting amusement rides that the kids will love. Sports fans will want to make sure to take advantage of Lafayette's golf courses.
Job Benefits
About the Company
At AMN Healthcare, we strive to be recognized as the most trusted, innovative, and influential force in helping healthcare organizations provide quality patient care that continually evolves to make healthcare more human, more effective, and more achievable.
Anesthesiologist, Anesthesiology, Anesthesia, Physician, Healthcare, Patient Care, Hospital, Medical, Doctor, Perioperative Medicine, Perioperative, Md, ANES
Compensation Information
$485000.0 / Annually - $485000.0 / Annually
Starting At: 485000.0 Annually
Up To: 535000.0 Annually
Show more
Show less","Anesthesiology, Anesthesia, Perioperative Medicine, Hospital, Medical, Healthcare","['anesthesiology', 'anesthesia', 'perioperative medicine', 'hospital', 'medical', 'healthcare']"
https://www.linkedin.com/jobs/view/rn-floor-nurse-long-term-care-at-moosehaven-3787927543,"Moosehaven is a private membership retirement community located on the banks of the St Johns River, in the heart of Orange Park, Florida. With a full range of programs and services, Moosehaven provides seniors 65 and older a comfortable and secure retirement option. Residents enjoy the benefits of social interaction and support services within a residential community that has served members of the Loyal Order of Moose since 1922.
We are currently looking for Full- time and Part time Registered Nurses for the following shifts:
1st Shift 6:45 am -3:15pm
2nd shift 2:45 pm -11:15 pm
3rd shift 10:45 pm- 7:15 am
GENERAL SUMMARY
:
The Registered Nurse is responsible to the Department Director, and is to be clinically competent; delivers care to residents utilizing the nursing process of assessment, planning, intervention, implementation, and evaluation; and effectively interacts with resident, significant others, and other health team members while maintaining standards of professional nursing.
ESSENTIAL JOB FUNCTIONS:
Utilize the nursing process by demonstrating appropriate assessment, planning, implementation, and evaluation of the resident's care, as evidenced by client/staff observation.
Assess the resident; collect and document the resident's current health status and medical history. Complete and/or review Admission Data Record as defined by policy. Make accurate and ongoing assessment of resident's status and respond appropriately.
Plan/Implement; set priorities for nursing action in a logical sequence according to resident's needs and formulate a plan of care by the appropriate selection of Nurse Practice Standards. (UOC's) The Plan of Care is initiated on resident admission based on all aspects of the initial assessment. Plan includes physiological, psychosocial, and environmental factors: resident/significant other education and resident discharge planning.
Evaluate; perform ongoing assessment and revise plan of care based on new data and resident's condition.
Document accurate and ongoing assessment of resident status. Document resident care which reflects nursing intervention, resident response to care provided, resident needs, problems, capabilities, limitations, and progress toward goals. Documentation includes evidence of appropriate resident/significant other teaching, and the understanding of these instructions is noted in the medical record.
Communicate with the physician regarding resident needs, the nursing assessments, and recommendations on a daily basis, and as needed, as evidenced by client feedback and Operations Coordinator observation.
Collaborate with other nurses and health team members to ensure the resident's well being as evidenced by staff/client feedback.
Teach resident/significant other appropriate health information in a timely manner and share written informational material as evidenced by client feedback and Operations Coordinator observation.
MINIMUM REQUIREMENTS:
Graduate of an accredited school of Nursing.
Valid registration as a Registered Nurse in the State of Florida.
Previous experience in patient care setting preferred.
Knowledgeable regarding the nursing process and its application, including the
assessment, planning, implementation, and evaluation of nursing care.
Powered by JazzHR
wanio8rDBl
Show more
Show less","Nursing, Registered Nurse, Nursing Process, Assessment, Planning, Implementation, Evaluation, Documentation, Communication, Collaboration, Resident Education, Patient Care, Accredited School of Nursing, Valid Registration as a Registered Nurse, Previous Experience in Patient Care, Knowledge of Nursing Process","['nursing', 'registered nurse', 'nursing process', 'assessment', 'planning', 'implementation', 'evaluation', 'documentation', 'communication', 'collaboration', 'resident education', 'patient care', 'accredited school of nursing', 'valid registration as a registered nurse', 'previous experience in patient care', 'knowledge of nursing process']"
https://uk.linkedin.com/jobs/view/veterinary-surgeon-at-medivet-3760739119,"The role
An exciting opportunity has arisen for a Veterinary Surgeon to join our fantastic team at Medivet Wath (Arncliffe Veterinary Centre).
As qualified MRCVS, you’ll already have good experience gained in small animal practice. You’ll be competent in clinical examination and surgery and confident working sole charge or as part of the wider team. Sharing our values being trustworthy, caring and progressive, you will have all the softer skills essential to working effectively, building trusting relationships with your colleagues, harnessing our one team culture. You will also display good communication skills and the desire to share your knowledge and skills by being an outstanding, positive example to others.
Full time working pattern is 4 days per week with a fair weekend rota.
Benefits
Tier 2 visa sponsorship for candidates outside of the UK
Relocation package if relocating from outside or more than 50 miles from your current UK home address
CPD allowance £1500 & 3 days paid CPD leave per annum (FTE)
5 weeks annual leave (FTE)
RCVS, VDS & BVA fees paid
Funded certificate opportunities
24 hour access to wellbeing and employee assistance program
Enhanced maternity/paternity leave
Leadership training
Pension scheme
Paid sabbatical after five years’ service
Additional paid leave for exceptional attendance
Colleague purchase scheme
1 day ‘Pet’ernity Leave
Hapibenefits – A range of discounts on shopping, entertainment and meals out
Skills and experience
Registered with the RCVS
Qualified MRCVS
Commitment to animal welfare
Ability to keep on top of practise protocols and procedures
Excellent organisational skills
Branch
Medivet Wath (Arncliffe Veterinary Centre) is a kind and caring team who are able to offer a full range of veterinary services and facilities, including nurse clinics and dental procedures, alongside friendly, expert care.
The clinic is supported by our talented Lead Vet, Veterinary Surgeon and Head RVN.
Wath upon Dearne is a small town south of the River Dearne 5 miles north of Rotherham, South Yorkshire. With the RSBP Dearne Valley Old Moore and the Trans Pennine Trail on your doorstep this is a beautiful location to explore and call home.
Apply now
Job number: VET02108
Show more
Show less","Veterinarian, Clinical examination, Surgery, Communication skills, Leadership, RCVS registered, MRCVS qualified, Animal welfare, Practice protocols and procedures, Organizational skills, Nurse clinics, Dental procedures, Veterinary services","['veterinarian', 'clinical examination', 'surgery', 'communication skills', 'leadership', 'rcvs registered', 'mrcvs qualified', 'animal welfare', 'practice protocols and procedures', 'organizational skills', 'nurse clinics', 'dental procedures', 'veterinary services']"
https://www.linkedin.com/jobs/view/litigation-assistant-elite-boutique-firm-at-lateral-link-3797047212,"Premier firm in need of a legal assistant with litigation experience.
On-site in LA. Excellent opportunity to join a ""career"" firm!
Please apply to us at Bridgeline Solutions ASAP.
Show more
Show less","Legal Assistant, Litigation Experience, Onsite, Los Angeles","['legal assistant', 'litigation experience', 'onsite', 'los angeles']"
https://uk.linkedin.com/jobs/view/fire-safety-engineer-at-aesc-uk-3785652806,"We are looking for an experienced Fire Safety Engineer to be part of one of the North East’s highest profile manufacturing plants as we are expanding our operations at our battery manufacturing plant in Sunderland. This is a unique and rare opportunity to join one of the most exciting and advanced industrial developments in many years where new and emerging technologies will be adopted in support of the rapidly growing electric vehicle sector.
You will support AESC UK and sit within the Safety, Health, Environment and Quality Department (SHEQ) reporting to the Senior SHEQ Manager but working closely with the projects team during build and commissioning activities.
Outline and Responsibilities:
Provision of technical fire engineering advice to the Construction, Services and Engineering teams throughout the full Gigafactory development lifecycle, including concept and developed design phases through to commissioning and testing phases. Following commissioning completion, ensure ongoing compliance with relevant fire system standards and codes of practice.
Liaison with regulatory bodies, local authorities, building control and insurance risk engineers as required throughout the fire system design and development phases to ensure delivery of a fully compliant system design.
Identification of plant and process fire risks and development of fire risk assessments, FMEA and cause and effect schedules in conjunction with fire system design development.
Preparation and documentation of site fire safety management plans and Provide input and guidance to the site COMAH team regarding the Major Accident Prevention Plan and development of MAH’s.
Provide guidance on current legislation, relevant national and international standards and guidelines and emerging legislative changes.
Establishment of the sites, fire detection, suppression and monitoring system and annual maintenance service contracts and management of system warranty periods.
Manage and maintain the businesses fire system contractor.
Preparation and upkeep of a sitewide Fire Safety Logbook. Establish and maintain Fire Risk Assessments for AESC buildings and facilities.
Provide support and guidance regarding fire and Major Accident Hazard Scenarios and maintain the business MAH Pre-plans.
Experience and Qualifications Required:
Demonstrable experience in a relevant Fire Safety Engineering role, ideally gained from working on or supporting Upper Tier COMAH establishments.
Development of Fire Safety Strategies to ensure early approval from authorities and advanced Fire Safety Design to demonstrate fire safety engineering compliance.
Expert advice and support during the Statutory Approval and construction process.
Evacuation Strategies development and familiarity with modelling software.
Structural Fire Engineering and optimisation of Fire Safety Systems.
Development of Fire Risk Management and Assessment & experience with Fire Investigation.
Knowledge of Fire Safety and Environmental compliance requirements.
Demonstrable experience in Feasibility Studies for master-planning and concept design.
Strong PC and presentation skills including MS applications, MS Project and AutoCad coupled with a strong ability to problem-solve.
Due to the challenging nature of the new Gigafactory development, this role requires an autonomous, self-starter with the ability to lead from the front. The successful applicant will be an effective communicator with a flexible and adaptable mindset, capable of working as part of a team.
Show more
Show less",,[]
https://www.linkedin.com/jobs/view/sales-district-leader-designate-billings-mt-at-pepsico-3797234865,"Overview
We are PepsiCo Sales. We are game changers, mountain movers and history makers. We are a diverse group, spread among 200 countries and united by a shared set of values and goals. That’s why we Perform with Purpose. Together, we blaze new trails, succeed, celebrate and never settle for second best. At PepsiCo, we’re committed to performing well as individuals and in teams, to strengthen the company as a whole.
This position contributes to the Frito Lay sales and distribution operating unit. Are you hungry to be a part of the World’s largest portfolio of billion dollar food and beverage brands who's specifically responsible for the growth of some of America’s favorite snack foods, including Fritos®, Lay's®, Doritos®, Cheetos®, and Tostitos®?
What makes you unique makes us better, and now is a better time than ever to explore the opportunities of Frito Lay- PepsiCo.
As a
District Sales Leader Designate
for Frito Lay you will complete a 6+ month onboarding program to assimilate and develop the necessary skillset to successfully promote into the District Sales Leader position. During your onboarding we will provide you with 4-6 months of route level training to learn the foundation of the business and develop an understanding of our Direct Store Delivery (DSD) network and supply chain, while teaching you the role of the frontline route sales reps you will eventually lead.
Upon completion of the designate training program, you will promote to a District Sales Leader assuming responsibility for all aspects of running a sales district; leading 10-15 Route Sales Representatives (RSR’s) while leading a $5-15 Million dollar business. Your strong leadership skills, interpersonal skills and ability to thrive in a dynamic, constantly changing work environment is vital to your success in this role.
Learn more about the role here: https://rise.articulate.com/share/6xKSMvchqPviABhL_l8vrtsgGiRs4odR#/
Responsibilities
Successfully complete all activities included in the Sales District Leader Designate onboarding program
Effectively develop, build and maintain positive relationships with customers (store management) while growing sales/selling in/executing sales programs and initiatives
Lead district meetings focused on a plan to achieve sales objectives and goals
Conduct one-with-one meetings and “work withs” with your route sales reps to discuss performance, selling and customer service skills
Coach your team to successfully sell against baseline and promotional opportunities
Develop sales strategies through collecting and interpreting statistical data utilizing PepsiCo specific applications
Partner with product supply team to build accurate forecasts based on promotions and historical performance to ensure product availability
Prepare and deliver sales presentations to customers as required
Ability to work a flexible schedule including early mornings, evenings, weekends, and/or holidays
Qualifications
Bachelor’s degree
A minimum of 2 years leading a team of frontline employees
Consumer packaged goods experience in a Direct Store Delivery environment preferred
Ability to motivate yourself and others while delivering excellent communication, negotiation, influencing, and follow up skills
Proficient in Microsoft Office Suite (Outlook, Word, Excel, Power Point)
Must have a valid driver’s license
Must meet DOT & Fleet qualifications
Safe driving record strongly preferred
Able and willing to lift up to 40 lbs. periodically
Compensation and Benefits:
The expected compensation range for this position is between $48,500 - $75,700 based on a full-time schedule.
Location, confirmed job-related skills and experience will be considered in setting actual starting salar
Paid time off subject to eligibility, including paid parental leave, vacation, sick, and bereavement.
In addition to salary, PepsiCo offers a comprehensive benefits package to support our employees and their families, subject to elections and eligibility: Medical, Dental, Vision, Disability, Health and Dependent Care Reimbursement Accounts, Employee Assistance Program (EAP), Insurance (Accident, Group Legal, Life), Defined Contribution Retirement Plan.
EEO Statement
All qualified applicants will receive consideration for employment without regard to race, color, religion, sex, sexual orientation, gender identity, national origin, protected veteran status, or disability status.
PepsiCo is an Equal Opportunity Employer: Female / Minority / Disability / Protected Veteran / Sexual Orientation / Gender Identity
If you'd like more information about your EEO rights as an applicant under the law, please download the available EEO is the Law & EEO is the Law Supplement documents. View PepsiCo EEO Policy.
Please view our Pay Transparency Statement
Show more
Show less","Microsoft Office Suite, Leadership, Communication, Negotiation, Influencing, Follow up, Sales Strategies, Data Analysis, Forecasting, Sales Presentations, Consumer Packaged Goods, Direct Store Delivery, Route Sales Representatives, District Sales Leader","['microsoft office suite', 'leadership', 'communication', 'negotiation', 'influencing', 'follow up', 'sales strategies', 'data analysis', 'forecasting', 'sales presentations', 'consumer packaged goods', 'direct store delivery', 'route sales representatives', 'district sales leader']"
https://www.linkedin.com/jobs/view/radiologic-technologist-at-amtex-systems-inc-3697193203,"Amtex Systems Inc is an information technology and talent solutions company offering talent and BI consulting to the companies in US for over 20 years.
Our solutions are designed to fill resource gaps, by providing the right candidates who deliver value to the organization. Our propensity to nurture and build strong relationships with our clients helps us better understand their business demands and gives us the ability to provide services that are on time and rise above the rest.
We are currently seeking a Radiology Tech with two years of experience and experience with C-ARMs to work in our Main Campus Hospital.
Preferrable looking for a tech with good OR experience.
Show more
Show less","Radiology Technology, CARMs, OR Experience","['radiology technology', 'carms', 'or experience']"
https://www.linkedin.com/jobs/view/safety-coordinator-at-allegiance-crane-equipment-llc-3787904469,"Come join our growing organization in the Beaumont area!
Allegiance Crane & Equipment is seeking a
Safety Coordinator
to join our team in the
Beaumont area
. This position will report to the Director of Safety.
We offer a strong work environment & team culture!
Our team members enjoy a very competitive benefits package including competitive pay, medical, dental, vision, 401K w/company match, vacation, and more!
Qualified candidates apply online. Compensation range: $30.00 - $34.00 per hour. Candidates local to the Beaumont area only.
Position Summary
The Safety Coordinator is responsible for ensuring that all safety regulations and company practices and policies are adhered to in the field.
Essential Responsibilities
Provide technical advice and services for the proper operation of our equipment in the field.
Assist in the implementation of safety policies and procedures to ensure that company & customer objectives are met.
Conduct regular job site visits & audits. Report findings to Safety Manager and General Manager. Recommend safe procedures and policies to Safety Manager and General Manager.
Conduct accident/incident investigations. Properly document such investigations and ensure appropriate actions are taking to mitigate further incidents.
Provide support to the Safety Director and Safety manager to properly manage injuries and treatment, according to our workers compensation insurance requirements.
Conducts safety meetings for the team.
Assists in the onboarding of new team members to ensure all safety and operational requirements are met.
Requirements
Crane & Rigging, Industrial, and/or Construction background required
CSST certification-Minimum
Working knowledge of OSHA, DOT, and EPA laws and regulations required
Min 6 months experience managing injuries
Effective communication skills, both written and oral
Proactive approach to problem solving
Powered by JazzHR
xLQXoqmyJA
Show more
Show less","Crane & Rigging, Industrial, Construction, CSST certification, OSHA, DOT, EPA, Injury management, Communication skills, Problem solving","['crane & rigging', 'industrial', 'construction', 'csst certification', 'osha', 'dot', 'epa', 'injury management', 'communication skills', 'problem solving']"
https://uk.linkedin.com/jobs/view/sheq-safety-health-environment-and-quality-manager-in-bristol-uk-at-energy-jobline-3804921036,"We are looking for a SHEQ (Safety, Health, Environment and Quality) Manager
Energy Jobline would like to introduce the role of SHEQ (Safety, Health, Environment and Quality) Manager based in Bristol, UK. If you think you are a suitable match for this role, please hit the apply button for more details.
SHEQ (Safety, Health, Environment and Quality) Manager Bristol (BS11) , with national travel £35 ... management systems and tools. Reference Number: BBBH(phone number removed) To apply for this role ...
PLEASE NOTE:
This job is supplied by a trusted partner. In order to read the full job description please click the 'apply' button. If you are a registered site member with an uploaded CV, you will be passed straight through. If not, then you will be asked to register a free account with us.
Show more
Show less","SHEQ Manager, Safety, Health, Environment, Quality, Management systems, Tools","['sheq manager', 'safety', 'health', 'environment', 'quality', 'management systems', 'tools']"
https://uk.linkedin.com/jobs/view/disability-assessor-nurse-at-stonebranch-healthcare-3799477864,"FLEXIBLE HOURS Disability Assessor Nurse for Personal Independence Payment (PIP)
Pay: £42,000/pa + benefits + bonus Nurses: RGN, RMN, RNLD
Stonebranch Healthcare - as healthcare professionals we understand the challenges presented by the current healthcare sector, allowing us to provide detailed and honest insight into the role as a colleague. We offer unparalleled support throughout the application process, including 24/7 availability and intensive one-on-one interview preparation, meaning an enviable placement success rate and a 100% feedback rating.
We have a selection of two roles to choose from:
Homebased : permanent, remote vacancy conducting telephone assessments or document review from own home with periodic attendance for meetings/training/f2f/ reduce isolation (equipment provided)
Document Review: carry out medical file work by analysing and interpreting clinical information and medical evidence
Disability Assessor Nurse Requirements:
Valid NMC pin
A minimum of 12 months' experience as a nurse
Appropriate work space within the home setting that allows you to successfully complete your role
No previous assessor experience required as full, paid training is provided
Disability Assessor Nurse role:
Annual salary of £42,000 (basic) - £50,400 (OTE)
Responsible for own scheduling, allowing for school drop off/pick up
Core working hours: 10am - 3pm, options to work any day of the week
Full training is supplied over an initial 20 week period, completed as a mixture of virtual/remote teaching and assessment centre-based training to ensure the right level of support and learning is offered.
Conducting impartial, holistic medical assessments only and does not require you to make any decisions on claim outcomes
Compiling a report, which is then dispatched for review and decision as to eligibility
Flexible working hours are available after 6 weeks of training
Full time, part time and compressed hours available
Disability Assessor Nurse Benefits:
25 days annual leave, with the option to buy and sell up to 10 days
Pay rise of £1,000 at 6 months and further £1,000 at 12months of employment
Pension scheme, matching up to 10% of your contributions
Private medical insurance, medical indemnity insurance, life insurance and travel insurance
Reimbursement of your annual NMC registration fee
Health screening every two years, after one year's service
Professional training and development, covering well over the required CPD hours to revalidate and maintain your professional registration
All flexible benefits can be tailored to your requirement and lifestyle: travel or dental insurance, child care vouchers, cycle to work scheme and more
Apply now to discuss if disability assessor careers could be a good fit for you
Show more
Show less","Disability Assessor, Nurse, RGN, RMN, RNLD, Telephone assessments, Document review, Data analysis, Medical evidence interpretation, Report writing, Impartial medical assessments, Flexible working hours, 10am  3pm core working hours, 25 days annual leave, Private medical insurance, Medical indemnity insurance, Life insurance, Travel insurance, Reimbursement of annual NMC registration fee, Health screening, Professional training and development, CPD hours, Travel insurance, Dental insurance, Child care vouchers, Cycle to work scheme","['disability assessor', 'nurse', 'rgn', 'rmn', 'rnld', 'telephone assessments', 'document review', 'data analysis', 'medical evidence interpretation', 'report writing', 'impartial medical assessments', 'flexible working hours', '10am  3pm core working hours', '25 days annual leave', 'private medical insurance', 'medical indemnity insurance', 'life insurance', 'travel insurance', 'reimbursement of annual nmc registration fee', 'health screening', 'professional training and development', 'cpd hours', 'travel insurance', 'dental insurance', 'child care vouchers', 'cycle to work scheme']"
https://www.linkedin.com/jobs/view/manager-occupational-safety-at-adusa-distribution-3799273545,"Address:
USA-SC-Elloree-258 Snider Street
Store Code:
Regional SC Safety (5116232)
ADUSA Distribution is the distribution company of Ahold Delhaize USA, providing distribution services to one of the largest grocery retail supply chains in the nation. ADUSA Distribution fosters a culture that inspires and empowers our associates to always deliver exceptional service and value. Our team is supporting the supply chain network evolution to an integrated self-distribution model of the future, serving leading omnichannel grocery brands – Food Lion, Giant Food, The GIANT Company, Hannaford and Stop & Shop. To learn more about our company and the other supply chain companies of Ahold Delhaize USA, visit www.adusasc.com.
Position Summary -
Lead and manage all occupational safety standards and practices for the assigned campus including the identification, elimination, and control of hazardous conditions. Identify and influence occupational safety education and training needs. Maintain technical and process-related programs and tools to address education and training needs. Effectively integrate occupational safety compliance prevention into day-to-day operations at multiple levels and functional areas within the Company.
Principle Duties And Responsibilities -
Occupational Safety Excellence
Develop safety policies, programs, and processes aimed at creating a safety culture that engages leaders and associates at all levels.
Engage with leaders on the floor to promote coaching and mentoring around safe behaviors and safety performance.
Lead facility safety, ergonomic, and incident review committees to engage with associates in an effort to identify risks and create corrective actions to address.
Utilize safety and injury data to proactively develop strategies for improvement with special attention to all SIF-related data.
Teach, Coach, Mentor Leadership on safety fundamentals and focus areas. Effectively communicate & train ADUSA safety updates as well as state & federal safety regulation updates. Facilitate and lead safety development efforts to address safety needs/issues.
Conduct and ensure incident investigations are completed for all injuries and near misses including tracking corrective actions and reporting out key learnings and actions from injuries.
Collaborate with and influence leadership to develop initiatives with a focus on safety behaviors, continuous improvement, and injury prevention.
Serve as member of site leadership team ensuring the value of safety is inserted in all operational decision making.
External engagement -
Engage and interface with governmental agencies including OSHA and EPA as needed, managing all on-site inspections and follow-up actions.
Perform safety audits on facilities and assist with outside regulatory visits. Implement corrective actions to resolve deficits identified during audit to comply with safety regulations and communicate needs to management.
Partner with HR to determine OSHA recordability of injuries and workers compensation cases
Develop relationships with local safety and emergency professionals to share and create best practices that can be leveraged on site.
Stay informed on local, state, and federal regulations that impact facility including but not limited to OSHA, ANSI, DOT, etc.
Training-
Ensure all safety and environmental training is conducted and recorded as appropriate and update trainings with guidance from centralized safety function
Manage observation programs for ergonomics and safety and provide timely feedback and coaching to associates engaging in unsafe behaviors.
Use safety data to identify additional training needs and partner with learning teams to develop materials that fulfill knowledge gap.
Conduct new hire safety and environmental training for associates and management. Ensure associates receive all required annual training and all safety records are maintained for compliance.
Manage the Powered Industrial Truck training program and ensure all associates are properly trained and certified.
Environmental-
Support the implementation of environmental programs, plans, procedures (including but not limited to SPCC, SWPPP, Hazardous Waste, Local/state programs)
Work with facilities maintenance and transportation to ensure environmental compliance reporting and permitting is completed per local, state, and federal regulations.
Manage and keep updated the facilities emergency response plan and conduct or ensure training is completed.
Ensure environmental training is completed and documented (Haz-Waste, SPCC, Stormwater, etc.).
Knowledge, Skills & Abilities -
Proficient in Microsoft Excel, Word and Outlook.
Extensive knowledge of a Warehouse setting.
Self-starter with solid interpersonal skills
Excellent communication and organizational skills
Strong coaching, training, and motivational skills: ability to lead
Proven ability to excel in a team environment
Ability to juggle multiple priorities and reprioritize based on emerging risk
May require overnight travel, as necessary (often reacting to inclement weather issues)
Ability to communicate and complete required record keeping functions
Must be able to work needed schedule to perform assigned duties
Ability to work in a –5 degree to 90+ degree Fahrenheit environment (temperature varies within each department) for long periods of time
Work in a warehouse environment with varying conditions (i.e., cool temperatures, concrete floors, powered industrial trucks)
Education & Experience -
Bachelor's degree, or equivalent combination of experience and or specialized certification in safety.
CSP, ASSP, ASP, BCSP or equivalent preferred
OSHA certifications preferred
3-5 years of previous leadership experience or equivalent experience.
3-5 years of safety specific experience in a manufacturing or distribution setting
We are an organization that values diversity and encourages all qualified individuals to apply without regard to sex, race, color, ancestry, national origin, citizenship status, religion, age, marital status (including civil unions), military service, veteran status, pregnancy (including childbirth and related medical conditions), genetic information, sexual orientation, gender identity, legally recognized disability, domestic violence victim status or any other characteristic protected by law.
Our organization is committed to working with and providing reasonable accommodations to individuals with disabilities, including applicants. If you have a disability and require assistance in the application process, please email recruiting@adusasc.com.
Job Requisition: 360081_external_USA-SC-Elloree_1102024
Show more
Show less",,[]
https://www.linkedin.com/jobs/view/site-operations-manager-at-open-arms-care-3663494777,"Summary
To ensure the successful operation of the assigned site and homes. Oversight and management of the day-to-day operational activities for the clients and employees. Provide immediate supervision, direction utilizing verbal and written instructions.
Essential Functions
Foster a supportive and collaborative work environment for all employeesincluding, but not limited to planned employee engagement activities.
Communicate and follow through with all plans of care for the clients by providing instructions and directions to the work teams on site.
Onboard all new members of the team through the orientation process as well as ongoing training, coaching and guidance.
Alternate on-call responsibilities with other Site Operations Managers.
Complete on-call weekend supervisory home visits as assigned.
Maintain and monitor budgetary obligations for the site.
Complete payroll responsibilities for all site employees. Manager would be responsible for upkeep of schedules in OnShift.
Complete performance reviews for all site employees in collaboration with the shift supervisors
Ensure and maintain all health and safety standards at both an operational and regulatory level for the site.
Conduct regular environmental walk-throughs of the homes with the shift supervisors to ensure cleanliness and safety.
Attend regularly scheduled Safety Committee and Incident Management Meetings as well as conduct any necessary follow up
Assist with programming documentation reviews with the Program Manager. Address areas in need of improvements with the employees related to documentation.
Attend scheduled client ISP’s, IDT’s and other meetings related to the continuity of care for the clients.
In collaboration with the Program Manager and Primary Site Nurse, participate in monthly planning meetings to provide a holistic approach to client supports.
Maintain a support relationship with conservators and family members of the clients.
Perform Other Duties as Assigned
Qualifications
Education and Experience
3+ years of experience working in the ID/DD field in direct support of clients required.
Prior supervisory experience with at least 2 years in management and oversight of employees preferred.
Valid driver’s license required
Possess excellent interpersonal skills, strong written and verbal communication skills.
Effective time management and organizational skills with proven ability to meet deadlines.
Proficient computer skills related to Word, Excel and other applications
Employees Supervised:
Indicate the number of employees that report to this position (
only complete
for exempt supervisory /managerial positions). Up to 30 employees for the site
Other Pertinent Job Information:
(Such as, American with Disabilities Act – ADA requirements for certain hourly positions). Residential group home setting.
Physical Requirements
Ability to lift repetitively a minimum of 50 pounds; tasks may include lifting, repositioning, turning, bending, squatting, etc.
This job description is not an employment agreement or contract. Management has the exclusive right to alter this job description at any time without notice.
Open Arms Care Corporation provides equal employment opportunities (EEO) to all employees and applicants for employment without regard to race, color, religion, sex, national origin, age, disability, gender identity, sexual orientation, or genetics.
Show more
Show less","Communication skills, Supervisory skills, Microsoft Office Suite (Word Excel), Valid driver's license, Ability to lift 50 pounds, Time management skills, Organizational skills, Problemsolving skills, Conflictresolution skills, Decisionmaking skills, Ability to work independently, Ability to work in a team environment, Computer skills, Data entry skills, Experience with OnShift, Experience with safety regulations, Experience with environmental regulations","['communication skills', 'supervisory skills', 'microsoft office suite (word excel)', ""valid driver's license"", 'ability to lift 50 pounds', 'time management skills', 'organizational skills', 'problemsolving skills', 'conflictresolution skills', 'decisionmaking skills', 'ability to work independently', 'ability to work in a team environment', 'computer skills', 'data entry skills', 'experience with onshift', 'experience with safety regulations', 'experience with environmental regulations']"
https://www.linkedin.com/jobs/view/real-estate-agent-for-new-home-sales-at-your-way-home-3684755270,"Join our team to accelerate your real estate career with new home sales.
Our agents benefit from 90/10 commission splits and 120 guaranteed leads, plus exclusive new home communities, proven and profitable marketing plans, and more — all with no up front costs. This is a unique opportunity for only one agent per community. We are currently hiring one agent in the Bettendorf, IA area.
Your Way Home specializes in marketing new home communities through online marketing including paid social and SEO. We are hiring one local, licensed real estate agent to be our exclusive representative for select markets.
This position requires a valid real estate license and you must work exclusively for our brokerage. Our company provides all leads, website development, video production and all advertising.
We pay a commission split of 90% to you on your own sourced production and 70% on company-generated leads.
We also have opportunities to be promoted to regional team leader.
Responsibilities:
Respond to in-bound leads quickly
Effectively manage a pipeline of hundreds of company provided leads using our CRM system and automated follow-up campaigns
Continuously stay up to date on your assigned new home communities including regular visits
Become familiar with builders, floorplans, and typical lot premium and option prices for the community
Record ""cell phone"" video tours of your community for our video editing team to work with for promos
Utilize our in-house marketing team for your listing promotions and self promotion
Help mentor other team members
Write contracts and manage transactions from contract through closing
Stay abreast of local news that will impact your real estate market and be prepared to share this expertise with clients
Be familiar with local schools, new development and amenities
Learn more and apply at JoinYWH.net
Requirements
Real Estate license and MLS membership
Minimum two years active real estate sales experience with at least 12 closed transactions in the last five years
At least three closed transactions in the past twelve months. (Our goal is to double your business, but we are not equipped to teach new agents basic real estate skills.)
Strong writing and communication skills
Willingness to follow up on leads
Benefits
90% Split on sales from your sphere (i.e. past customers, referrals, your own marketing, sign calls, etc.)
70% split on company generated business
Exclusive territory
E&O insurance
Personal website is provided at no cost
Mentoring includes proven processes and documentation to assist local custom builders
Online CRM system is provided at no cost
Self service marketing, plus a full-service marketing team
At least 120 company provided leads per year at no out of pocket cost to you
Regular coaching and training calls
Dedicated ""team"" loan officer to work your leads and qualify all your clients
YourHomeBenefit program to leverage relationships with local employers as a referral source
Learn more and apply at JoinYWH.net
Show more
Show less","Real estate sales, CRM system, SEO, Video production, Paid social, Online marketing, Contract management, MLS membership, Writing and communication, Lead generation, Client management, Market knowledge, Local news awareness, Sales experience, Active real estate license, Closed transactions, E&O insurance, Personal website, Online CRM, Selfservice marketing, Team loan officer, YourHomeBenefit program","['real estate sales', 'crm system', 'seo', 'video production', 'paid social', 'online marketing', 'contract management', 'mls membership', 'writing and communication', 'lead generation', 'client management', 'market knowledge', 'local news awareness', 'sales experience', 'active real estate license', 'closed transactions', 'e&o insurance', 'personal website', 'online crm', 'selfservice marketing', 'team loan officer', 'yourhomebenefit program']"
https://www.linkedin.com/jobs/view/automotive-sales-consultant-walled-lake-michigan-united-states-at-lafontaine-automotive-group-3799835070,"Job Description
AUTOMOTIVE SALES CONSULTANT
Are you interested in joining a growing business that is committed to family, promotes employees from within, is passionate about protecting the environment, has an inspiring company culture, and is actively involved with the community and local charities? If so, this opportunity might be for you!
THE POSITION:
Sales Representatives are responsible for selling automobiles by understanding and demonstrating characteristics, capabilities, and features; developing and qualifying buyers and closing sales.
The Perks
Competitive Compensation
Employee Referral Program
Employee Discounts on Sales and Service
Benefits Package (Medical, Dental, Vision, Employer Paid Life/AD&D, Employee Assistance Program, Pet Insurance)
Voluntary Benefits (Flexing Spending Account, Life/AD&D, Short-Term and Long-Term Disability, Critical Illness, Accident Insurance, Legal & Identity Theft Protection)
401(k) and Employer Match
Holiday Savings Program with Employer Match
Paid Time Off
Holiday Pay
Skills & Qualifications
Ability to read, analyze and interpret general business periodicals, professional journals, technical procedures, or governmental regulations.
Ability to write reports, business correspondence, and procedure manuals.
Ability to effectively present information and respond to questions from groups of managers, clients, customers, and the general public.
Ability to solve practical problems and deal with a variety of concrete variables in situations where only limited standardization exists.
Ability to interpret a variety of instructions furnished in written, oral, or schedule form.
Education And Experience
High School Diploma or GED
A valid driver’s license and satisfactory Motor Vehicle Report (MVR) are required.
Essential Duties & Responsibilities
Greets customer on sales floor and determines make, type, and quality of vehicle desired.
Explains features and demonstrates operation of vehicle in showroom or on road.
Suggests optional equipment for customers to purchase.
Research availability of models and optional equipment.
Consults with Sales Manager when necessary; never allowing a customer to leave without first consulting with a sales Manager.
Works with the Sales Manager to compute and quote sales price, including tax, trade-in allowance, license fee, and discount, and requirements for financing payment of vehicle on credit.
Prepares all related paperwork and applications (e.g., sales slip, credit application, etc.).
Delivers new vehicle to customer. This process ensures that the customer understands the vehicle's operating features, warranty, and paperwork, and it lays the foundation for customer loyalty.
Maintains a prospect development system.
Remains knowledgeable of new products, features, accessories, etc.
Attends sales meetings and training sessions (at various locations) as scheduled.
Adheres to Company policies and procedures.
Meets, or exceeds, written forecast and projected sales numbers.
Physical Requirements
While performing the duties of this job, the employee is frequently exposed to outside weather conditions.
Occasionally required to use hands to finger, handle, or feel; reach with hands and arms; climb or balance; and stoop, kneel, crouch, or crawl.
Regularly required to stand, talk, and hear.
Frequently is required to walk and sit.
Is potentially exposed to exhaust fumes or other airborne particles.
Occasionally lift and/or move up to 10 pounds.
Specific vision abilities required by this job include close vision, distance vision, color vision, and peripheral vision.
The Company
Founded in 1980 by Michael Sr. and Maureen LaFontaine, the award-winning and nationally-recognized LaFontaine Automotive Group includes 54 retail franchises, 9 collision centers and 34 Michigan retail locations. The group employs nearly 2,500 individuals. It’s the mission of the LaFontaine Family to personalize the automotive experience by building lifelong relationships that connect families and strengthen communities. The LaFontaine commitment to customers, staff, and local communities is demonstrated by active participation and contributions to numerous non-profit organizations, educational institutions, and charities throughout southeast Michigan. The combination of both the mission and core values provides the basic foundation of our promise … to treat every customer like they are members of our family. From sales to service to parts, LaFontaine Automotive Group is able to meet any customer’s specific needs. LaFontaine represents the following brands: Buick, Cadillac, Chevrolet, Chrysler, Dodge, Ford, Fiat, Genesis, Honda, Hyundai, Jeep, KIA, Lincoln, Mazda, RAM, Polestar, Subaru, Toyota, Volvo, and Volkswagen. The LaFontaine Family Deal; it’s not just what you get, it’s how you feel. Visit www.familydeal.com for additional details.
Our Mission:
To Build Lifelong Relationships that Connect Families, Strengthen Communities, and Personalize the Automotive Experience.
Our Core Values:
Accountability , Responsibility , Respect , Communication , Teamwork , Passion.
LaFontaine Automotive Group is an equal opportunity employer.
TIER2
Show more
Show less","Sales, Customer Service, Communication, Problem Solving, Negotiation, Persuasion, Product Knowledge, Microsoft Office Suite, High School Diploma or GED, Valid Driver's License, Ability to work in a fastpaced environment, Ability to work independently and as part of a team, Ability to meet and exceed sales goals, Ability to lift and move up to 10 pounds, Ability to work in various weather conditions","['sales', 'customer service', 'communication', 'problem solving', 'negotiation', 'persuasion', 'product knowledge', 'microsoft office suite', 'high school diploma or ged', ""valid driver's license"", 'ability to work in a fastpaced environment', 'ability to work independently and as part of a team', 'ability to meet and exceed sales goals', 'ability to lift and move up to 10 pounds', 'ability to work in various weather conditions']"
https://www.linkedin.com/jobs/view/territory-sales-manager-new-jersey-at-1906-3757232389,"Say Hello to 1906, The Precision Edible.
Founded in 2016, 1906 stands tall as the pinnacle of innovation in the cannabis industry. Our mission? Resurrect cannabis to its pre-prohibition status—both as a widely-used medicine for the greater good and a source of pure, unbridled fun. Today, we proudly wear the badge of the fastest-growing cannabis edibles brand, hailed by consumers, media, and industry insiders alike.
Our name commemorates 1906, the year the Wiley Act ushered in the cannabis prohibition era. With our proprietary, precisely-dosed edibles, we blend the magic of cannabis with other plant medicines, offering a variety of unique highs tailored to different needs. From boosting energy with GO to igniting passion with LOVE, each product is a perfect blend of science and nature, ensuring a safe and delightful experience every time.
Your Role:
Join us as we expand our footprint in New Jersey, one of the nation's most rapidly growing cannabis markets. As our Territory Sales Manager, you'll be the face of 1906, championing our brand, nurturing relationships, and driving sales. This role demands initiative, adaptability, and an undeniable passion for turning potential leads into robust, flourishing accounts.
Primary Responsibilities:
Drive wholesale sales and make 1906 the #1 edibles brand in New Jersey.
Forge and maintain strong relationships with Dispensary Managers and Buyers.
Identify new business opportunities while optimizing existing accounts.
Stay updated on 1906's unique value proposition and communicate it effectively.
Implement proven sales strategies to bolster our in-store brand presence.
Collaborate closely with the Sales and Field Marketing teams to align on market priorities.
Maintain meticulous records across our CRM platforms.
Uphold the brand's premium image during in-store presentations.
Address and resolve any client concerns, continuously refining our processes for future success.
What You Bring:
An innate drive to excel, with a focus on building connections and delivering consistent wholesale growth.
Previous sales experience with a proven track record.
Extensive knowledge of the New Jersey market.
Residency in New Jersey and the ability to travel locally up to 75% of the time.
A vehicle and a valid driver's license.
Rewards & Benefits:
Competitive base salary ($80,000 - $95,000, dependent on experience), plus a performance-based quarterly bonus.
Comprehensive medical coverage (we pay 100% of the health premium for employees)
Dental
Vision
FSA
Long Term Disability
Short Term Disability
Critical illness Insurance
Accident Insurance
401(k) plan with an employer match.
Monthly vehicle allowances and corporate credit cards for business expenses.
Unlimited Paid TIme Off
Immense growth potential in an industry poised to reach $100 Billion by 2030.
Our Commitment:
At 1906, diversity is not just a buzzword. We're passionate about fostering an environment where everyone, irrespective of their race, gender, sexual orientation, or background, feels valued and included. We especially encourage applications from Black, African American, Hispanic, Latinx, Indigenous, Women, Veterans, differently abled, and LGBTQ+ candidates.
Join us and redefine the cannabis narrative.
Show more
Show less",,[]
https://www.linkedin.com/jobs/view/dental-implant-sales-consultant-at-clearchoice-dental-implant-centers-3728553718,"ClearChoice Dental Implant Centers are a national network of dental implant centers founded in 2005 to provide innovative dental implant care to patients across the United States. Driven by a collective desire to improve the lives of prospective patients, ClearChoice helps people reclaim their health, smile and confidence. Beyond restoring teeth, this is about people getting their lives back.
ClearChoice Management Services, LLC (CCMS) provides administrative practice management services to the ClearChoice network. We are searching for individuals who can help us continue pursuing our goal of reaching prospective patients and helping to transform their lives. When you join ClearChoice, you are joining a team of individuals with passion, conviction, and integrity whose mission is to be the Platform of Hope for those in need of our services. Come help us write the next chapter of our story!
Summary
We are seeking a Dental Implant Sales Consultant for our team. Working at ClearChoice means being part of a dynamic work environment where each one of our employees has the opportunity to make a difference. We love what we do and it shows.
At ClearChoice, we have an environment where employees enjoy coming to work. We work hard, but at the end of the day, we feel a sense of satisfaction that we have helped to improve our patients’ lives.
Responsibilities
Meeting with potential patients at the ClearChoice Dental Implant Center to discuss our dental implant solution
Assisting potential patients in the decision making process utilizing the ClearChoice consult process
Develop and maintain relationships with potential and current ClearChoice patients, ensuring a smooth hand-off between consult and treatment
Using Salesforce.com, maintain records of completed transactions and patients
Manage follow up process by reaching out to potential patients who have already expressed an interest in ClearChoice to help educate them on the process, identify where they are in their decision making process, and/or follow up on patients who may have delayed treatment
Participate, as needed, in the local outbound marketing efforts for your Center to increase patient lead generation
Manage the referral-based lead generation process, working with existing patients to identify potential referrals
Other duties as assigned
Reasonable accommodations may be made to enable individuals with disabilities to perform the essential functions.
Qualifications
Excellent sales and negotiation skills (5-7 years consultative B2C selling experience)
Strong communication and rapport building skills
Self-motivation, drive and initiative
An outgoing and confident approach
Ability to establish immediate rapport with prospective patients
Experience using a contact tracking system, Salesforce.com preferred
Benefits Of Joining Our Organization
Daily preset sales appointments
Monday through Friday work (some centers operate a Monday through Thursday schedule). Some flexibility will be required.
Thorough/Intensive training program
Competitive Salary and Bonus Plan: over 80% of our Dental Implant Sales Consultant earned six figures last year!
Compensation And Benefits
5,000 Sign on Bonus**
$60,000- $70,000 base compensation + an 80% bonus target(uncapped bonus earnings are paid monthly)
In addition to your base compensation, you will be eligible to receive a bonus (bonuses are merit based). Medical Insurance Coverage, Dental Insurance Coverage, Vision Insurance Coverage, Retirement Plan (401K) options are provided as an additional benefit of employment with ClearChoice.
EOE
Show more
Show less","Dental Implants, Salesforce.com, B2C Sales, Communication, Rapport Building, SelfMotivation, Initiative, Confidence, Contact Tracking, Lead Generation, Negotiation Skills","['dental implants', 'salesforce.com', 'b2c sales', 'communication', 'rapport building', 'selfmotivation', 'initiative', 'confidence', 'contact tracking', 'lead generation', 'negotiation skills']"
https://www.linkedin.com/jobs/view/sales-executive-at-jobs-for-humanity-3804600451,"Company Description
Jobs for Humanity is partnering with DISH to build an inclusive and just employment ecosystem. Therefore, we prioritize individuals coming from the following communities: Refugee, Neurodivergent, Single Parent, Blind or Low Vision, Deaf or Hard of Hearing, Black, Hispanic, Asian, Military Veterans, the Elderly, the LGBTQ, and Justice Impacted individuals. This position is open to candidates who reside in and have the legal right to work in the country where the job is located.
Company Name: DISH
Job Description
Department Summary
Join our elite, award-winning Inside Sales & Retention team. Target earnings of $64,000 with the ability to earn more than six figures a year!
Overview
At DISH, we are changing how the world communicates by connecting customers with the best experiences in entertainment and technology. Our inbound sales and customer retention team members successfully influence existing and future customer decision-making by selling the value of DISH’s products and services using a consultative approach. This position is 100% inbound new and existing customers -
no cold calling!
What’s In It for You?
The total target compensation for this position is $64,000 per year, consisting of base pay and uncapped commission, with the potential to earn significantly more based on performance. In this role, your attitude, effort, enthusiasm, and need to achieve directly fuel your ability to earn, with top performers making well over six figures annually!
You’ll also receive the following:
Comprehensive paid training
Medical, dental, and vision insurance benefits
Paid time off, 401(k) with company-matched funds, employee stock purchase plan, and tuition reimbursement
Free DISH TV at your home, plus deeply discounted Sling TV and Boost Mobile plans
Incredible Rewards and Recognition program with food days, branded clothing, high-value prizes, on and off-site events, elaborate rewards trips, and much more
Our greatest benefit is opportunity, as we promote from within.
Ability to promote two levels within your first year with commensurate title and hourly pay increase
Ongoing training and development to maximize your career potential
The Associate Account Executive position provides incredible opportunities to develop sales skills, earn, and grow a long-term career with a Fortune 200 company that generates over $17 billion in revenue. DISH provides the training, development, and tools to be successful.
Interested? Apply now and let’s talk!
Environment
This position entails working in-office at a desk handling inbound customer calls throughout your shift. Individuals in this position work a full-time schedule, including weekends and holidays.
Base pay is $15.75/hour with an uncapped commission. The target compensation is $64,000 per year.
Job Duties And Responsibilities
Successfully sell DISH products and services to new and existing customers using the ability to present compelling offers and influence customer decision-making
Effectively manage time, open to learning new methods, and looking to advance as a sales contributor
Demonstrate the ability and resilience to bounce back from challenges and maintain focus on larger goals
Assess each customer and their needs to offer the best value
Ability to build and maintain customer relationships
Document customer information including demographic, billing, etc.
Provide excellent customer service, listen to the customer, and ensure their satisfaction
Show more
Show less","Sales skills, Consultative approach, Inbound sales, Customer retention, Communication skills, Customer service skills, Problemsolving skills, Resilience, Ability to build and maintain customer relationships, Ability to assess customer needs, Ability to work in a fastpaced environment, Ability to work independently and as part of a team, Ability to handle inbound customer calls, Ability to work weekends and holidays, Ability to learn new methods and technologies, Ability to promote from within","['sales skills', 'consultative approach', 'inbound sales', 'customer retention', 'communication skills', 'customer service skills', 'problemsolving skills', 'resilience', 'ability to build and maintain customer relationships', 'ability to assess customer needs', 'ability to work in a fastpaced environment', 'ability to work independently and as part of a team', 'ability to handle inbound customer calls', 'ability to work weekends and holidays', 'ability to learn new methods and technologies', 'ability to promote from within']"
https://www.linkedin.com/jobs/view/sales-executive-commercial-lines-at-assuredpartners-3793954022,"Overview
Love what you do but not where you do it? As a Sales Executive at AssuredPartners, you will use your existing sales skills and experience and leverage AssuredPartners’ suite of resources and trainings to reach new heights, all while having fun with a team of like-minded professionals dedicated to reaching new heights together.
At one of the fastest growing Insurance Brokers in the U.S., come play a critical role in building relationships and delivering exceptional risk solutions to clients, helping businesses and individuals protect what matters most to them while driving the growth of our business and your own success.
Why AssuredPartners?
Company culture built around sales – AssuredPartners was founded and built by Producers (our term for Sales Executives) for Producers.
Most collaborative insurance broker with unparalleled industry expertise in delivering cutting edge solutions to clients across the nation.
Founded in 2011, well capitalized and long-term focused, we are ranked as the 11 th largest insurance broker and 5 th largest P&C broker in the US, making us one of the fastest independent brokerages with over 9,000 employees across offices in 37 states and 4 countries.
Offer 250+ products and services, making us a broker of choice for many.
Hit $2 billion in revenue after just 11 years of being in business and are on track to double in the next 4 years.
Incredible growth opportunities including into leadership or other positions.
Why Sales with Us?
Exceptional and sophisticated service and support teams dedicated to optimizing Producer efforts.
Uncapped industry leading commission structure that includes renewal business plus opportunity to build equity through employee grants.
Whether you have an affinity for agriculture, senior living, aerospace, transportation, technology, and many more, gain unlimited access to vertical experts and resources matching your interests and customer needs.
Team selling opportunities on local, regional, and national levels .
What You'll Do
Set and achieve new business goals.
Utilizing our Sales Tools, identify, target, and prospect new business and create a new business sales pipeline.
Manage new business sales pipeline and follow up on leads and prospects to ensure new business goals are met and all opportunities are recorded into CRM, Salesforce.com.
Working in conjunction with local, regional, and national internal teams, identify cross sell opportunities and utilize multi-disciplinary resources delivered straight to you, the relationship holder, to maximize results.
Attend community events, work personal networks, and participate in activities that drive new business sales goals.
Stay current on license and education requirements.
Attend internal and external trainings to keep up-to-date on insurance market trends, local laws, and new/changed coverages.
Travel as needed.
What's in it For You?
To help you make the best decision for your personal growth, it’s important to us to share a glimpse of what we offer our top asset, our people:
We invest in you! Competitive base salary + commission structure.
Health benefit options with you in mind; 5 affordable medical plan options with rates based on your salary, company paid HSA contribution with eligible HSA plan selection, 2 dental plan options offering orthodontia coverage and 3 cleanings per year, and 2 vision plan options.
Company match 401(k) plan – 50% up to 6%!
Support of your fitness wellness goals! We offer up to 75% off at over 11,000 gyms and fitness centers.
Opportunity to prioritize your mental health with 24/7 access to licensed therapists.
Pet benefits & discounts.
Acc ess to our Employee-led Resource Groups (ERGs) that lend a voice to the variety of demographics represented throughout AssuredPartners.
What You'll Need
Must hold appropriate and valid insurance licenses and driver’s licenses.
3+ years of insurance sales experience.
Bringing a thorough understanding of insurance underwriting and including rating procedures.
Being a self-starter, imaginative and creative with good communications skills and strong sales skills.
Competitive, persistent and self-reliant, with high energy and sales drive.
Grow, with us
AssuredPartners is passionate about fueling our clients’ innovation and growth. That makes us the perfect place for creative, dynamic people who want to grow their career while helping businesses, families and people thrive.
We’re proud to be the fastest-growing independent insurance broker in America, but we’re even prouder of the honest, caring relationships that our employees build with our clients every day.
Working with us will give you the opportunity to do work that matters while you learn with us, advance with us, and most importantly, grow with us.
AssuredPartners is committed to embracing diversity, equity and inclusion to create a workplace that welcomes and thrives on the unique experiences, perspectives and contributions of all team members. AssuredPartners is bringing the best people and most diverse talent forward to drive growth, innovate and think bigger!
Show more
Show less","Sales, Insurance, Underwriting, Rating procedures, Communication, CRM, Salesforce","['sales', 'insurance', 'underwriting', 'rating procedures', 'communication', 'crm', 'salesforce']"
https://www.linkedin.com/jobs/view/reliability-and-safety-engineering-manager-in-livingston-nj-usa-at-energy-jobline-3791308623,"We are looking for a Reliability and Safety Engineering Manager
Energy Jobline would like to introduce the role of Reliability and Safety Engineering Manager based in Livingston, NJ, USA. If you think you are a suitable match for this role, please hit the apply button for more details.
Specifically, the Sr. Reliability and Safety Engineer will be responsible for system safety ... Health Insurance Sick Time 401k By clicking apply, you are opting in to receiving text/SMS ...
PLEASE NOTE:
This job is supplied by a trusted partner. In order to read the full job description please click the 'apply' button. If you are a registered site member with an uploaded CV, you will be passed straight through. If not, then you will be asked to register a free account with us.
Show more
Show less","Reliability Engineering, Safety Engineering, System Safety, Health Insurance, Sick Time, 401k","['reliability engineering', 'safety engineering', 'system safety', 'health insurance', 'sick time', '401k']"
https://www.linkedin.com/jobs/view/assistant-manager-sales-at-rent-a-center-3798835065,"Rent A Center
Ready to do your best work?
Interested in a minimum starting hourly rate of $16.15?
Why should I apply in just a few clicks?
Paid Time Off and Sundays Off -- We are Closed!
Full-Time Employment and a Consistent Schedule
Weekly Pay (companywide)
Award Winning Culture with the Opportunity to Advance
Great Benefits
Medical
Dental
Vision
Life Insurance
Supplemental Life Insurance
Spouse/Dependent Life Insurance
Short Term Disability
Long Term Disability
Flexible Spending Accounts
401(k) Savings Plan w/company match
Paid Time Off
Legal Insurance
Identity Theft Protection Plan
Health Savings Accounts
Hospital Indemnity
Critical Illness
Accident Insurance
Limited Purpose Plan
What will you do?
Provide customers access to high-quality goods that enhance their quality of life. You will do
meaningful work
and make a difference in our customers' lives!
A day in the life of a Sales Assistant Manager:
Sales: Responsible for sales growth through completed rental agreements and prospecting new business and customers
Customer Service: Provide friendly, top-notch customer experiences through ""white glove"" service with a servant's heart in our stores and in customer's homes
Deliveries & Pickups: Opportunity to get out of the store and display a winning spirit through safe and compliant loading/unloading and installation of products, while following all handling and transportation procedures
Merchandising: Maintain an inviting store with organized product and cleanliness with both customers and fellow coworkers in mind
What are the minimum requirements?
1-3 years of retail/customer service, sales, or collections experience
High school diploma or equivalent
Must be at least 18 years of age
Valid state driver's license and good driving record -- You WILL be driving the company vehicles
Ability to lift and move product such as furniture, electronics, and appliances
Great communication and customer service skills
What are some additional helpful traits?
Seeking more than just a job, but a CAREER
A desire to improve our customer's lives
A hunger to learn the business
Grit and determination
This is an excerpt from the full job description and is not intended to be all-inclusive. Other related duties may be required to meet the ongoing needs of the business. Rent-A-Center is committed to creating a diverse and inclusive work environment and is proud to be an equal opportunity employer.
Show more
Show less","Sales, Customer service, Merchandising, Retail experience, Collections experience, High school diploma, Minimum of 18 years of age, Valid state driver's license, Ability to lift and move products, Communication skills, Hunger to learn, Grit, Determination","['sales', 'customer service', 'merchandising', 'retail experience', 'collections experience', 'high school diploma', 'minimum of 18 years of age', ""valid state driver's license"", 'ability to lift and move products', 'communication skills', 'hunger to learn', 'grit', 'determination']"
https://www.linkedin.com/jobs/view/information-technology-security-manager-at-city-of-fremont-3695623277,"Salary:
$145,972.20 - $182,465.24 Annually
Description
The IT Department is recruiting for Information Technology Security Manager.
Please click
HERE
to view a copy of our recruitment brochure.
The first review of applications is on September 15, 2023, at 12:00 PM (PT).
Applications submitted after this date may not be considered and the recruitment may close without notice after the first review date.
A resume must be submitted with the completed City application.
To apply for this outstanding opportunity, please complete an application package online by clicking ""Apply"" just above this box.
For additional information, please contact the Human Resources Department at:
3300 Capitol Ave., Building B
Fremont, CA 94538
Ph: (510) 494-4660
humanresources@fremont.gov
The City of Fremont offers a comprehensive benefit package including general and holiday leave as well as medical, dental, vision, life, and long/short-term disability insurance.
To view a summary of the benefits the City offers, please visit: City of Fremont Benefits Summary
Closing Date/Time: Continuous
Show more
Show less","Information Technology Security Manager, Application package, Resume","['information technology security manager', 'application package', 'resume']"
https://au.linkedin.com/jobs/view/sales-associate-part-time-cartier-collins-st-at-cartier-3799274075,"Be a part of our Team! We are looking for an experienced Sales Associate to join us in our Collins St Boutique on a Part-Time contract of 20.5hrs per week. If you have a passion for exceptional customer service and enjoy working in a dynamic and inclusive team, we welcome you to apply now!
HOW WILL YOU MAKE AN IMPACT?
With your exceptional ability to develop and drive sales, stock accuracy and integrity. You will be instrumental in:
Providing a unique and exceptional client experience
Cultivating strong client relationships and client loyalty
Personally contributing to stock accuracy and integrity
Liaising with other company stakeholders
HOW WILL YOU EXPERIENCE SUCCESS WITH US?
We believe in shared success and understanding that with your actions you elevate your team and Maison. To contribute to team success, you will have:
1-3 years previous experience in high-end retail, hospitality or service related roles is essential
Exceptional organization skills, communication skills and detail orientation
Ability to multi-task and have the passion to help
Excellent time management skills and ability to quickly adapt to a fast pace environment
Must have availability over peak-trade days: Friday - Sunday
HOW DO WE KEEP YOU SMILING:
A great opportunity to be a part of a dynamic and diverse team.
This role will help build your knowledge and experience in all aspects of Sales and Client Service.
Finally, a plethora of opportunities within Cartier and the Richemont Group to help you develop and take your career to the next level.
YOUR JOURNEY WITH US:
After being shortlisted, you will receive a video call from our Talent Acquisition Partner to discuss the role and for us to get to know you.
If you are successful through the phone interview, you will be invited to attend an interview with our Deputy Boutique Manager and Boutique Manager to assess your fit for the role. In return, we will also share insights on our team dynamics and our company culture.
Finally, you will then have the opportunity to meet our HRBP who can share our overall vision and plans for the future.
Show more
Show less","Sales, Customer service, Stock accuracy, Client relationships, Communication skills, Detail orientation, Multitasking, Time management, Retail experience, Hospitality experience, Organization skills, Fastpaced environment, Availability on peaktrade days","['sales', 'customer service', 'stock accuracy', 'client relationships', 'communication skills', 'detail orientation', 'multitasking', 'time management', 'retail experience', 'hospitality experience', 'organization skills', 'fastpaced environment', 'availability on peaktrade days']"
https://www.linkedin.com/jobs/view/national-sales-manager-at-unitrust-financial-group-3804082624,"Remote National Sales Manager
Location:
Remote (Work from Home)
Employment Type:
Full-Time
About InsuraTec Services Group
InsuraTec Services Group is a leading provider of financial services and insurance solutions. We are dedicated to providing top-notch customer service and are committed to transparency, integrity, and diversity in our business operations. As we continue to grow, we are looking for motivated individuals to join our team as Remote National Sales Managers.
Job Description
As a Remote National Sales Manager, you will be responsible for driving insurance sales and providing excellent client support. This is a commission-only position that offers a flexible work schedule, allowing you to work from the comfort of your own home. We believe in work-life balance and providing a supportive environment for our team members.
Key Responsibilities
Focus on insurance sales and client relationship management.
Work with provided leads – no cold calling or door-to-door sales.
Deliver exceptional customer service to clients.
Complete required training and obtain necessary insurance licenses (training provided).
Maintain a self-paced and self-motivated work ethic.
Uphold the values of transparency, integrity, and diversity in all interactions.
Be relentless in your pursuit of sales success.
Requirements
Must obtain an insurance license (training provided).
No prior experience required – we welcome individuals with diverse backgrounds.
Full-time commitment.
Strong self-motivation and dedication to achieving sales goals.
Excellent customer service skills.
Ability to work independently and efficiently in a remote/virtual environment.
Benefits
Commission-based earnings with unlimited earning potential.
Flexible work hours.
Work-from-home setup.
Training and support provided.
Opportunities for career advancement.
Join a diverse and inclusive team that values integrity and transparency.
How To Apply
If you are a motivated and client-focused individual who is ready to embark on a rewarding career in insurance sales, we encourage you to apply.
InsuraTec Services Group is an equal opportunity employer. We celebrate diversity and are committed to creating an inclusive environment for all employees. We thank all applicants for their interest in this position; however, only those selected for an interview will be contacted.
Show more
Show less","Insurance sales, Client relationship management, Commissionbased earnings, Unlimited earning potential, Flexible work hours, Remote work setup, Training provided, Diverse and inclusive team, Equal opportunity employer","['insurance sales', 'client relationship management', 'commissionbased earnings', 'unlimited earning potential', 'flexible work hours', 'remote work setup', 'training provided', 'diverse and inclusive team', 'equal opportunity employer']"
https://www.linkedin.com/jobs/view/lead-sales-associate-ft-at-dollar-general-3683982322,"Dollar General Corporation has been delivering value to shoppers for more than 80 years. Dollar General helps shoppers Save time. Save money. Every day.® by offering products that are frequently used and replenished, such as food, snacks, health and beauty aids, cleaning supplies, basic apparel, housewares and seasonal items at everyday low prices in convenient neighborhood locations. Dollar General operates more than 18,000 stores in 47 states, and we’re still growing. Learn more about Dollar General at www.dollargeneral.com.
GENERAL SUMMARY
The Lead Sales Associate helps maintain a clean, well-organized store with a customer-first focus. The duties of the Lead Sales Associate include assisting customers in locating and purchasing merchandise, operating a cash register, stocking and recovering merchandise, cleaning the store, and performing other duties as assigned by the Store Manager to maximize store profitability and customer satisfaction while protecting company assets. Lead Sales Associates perform the duties of a Sales Associate and act in a lead capacity in the absence of the Store Manager or Assistant Store Manager.
DUTIES and ESSENTIAL JOB FUNCTIONS
Provide superior customer service leadership; greet and assist customers.
Operate cash register and scanner to itemize and total customer’s purchase, collect payment from customers and make change, bag merchandise, and assist customers with merchandise as necessary.
Follow company work processes to receive, open and unpack boxes, cartons and totes of merchandise; stock merchandise, restock and rotate merchandise on shelves, and build merchandise displays.
Clean the store; take out trash; dust and mop store floors; clean restroom and stockroom; and help set up sidewalk displays.
Assist in implementation and maintenance of planograms.
Open and close the store under specific direction of the Store Manager.
Perform additional duties typically performed by the Store Manager or Assistant Store Manager, in their absence.
KNOWLEDGE and SKILLS
Effective interpersonal and oral communication skills.
Understanding of safety policies and practices.
Ability to read and follow planogram and merchandise presentation guides.
Ability to perform mathematical calculations such as addition, subtraction, multiplication, division, and percentages.
Ability to perform cash register functions.
Knowledge of cash, facility, and safety control policies and practices.
Knowledge of cash handling procedures including cashier accountability and deposit control.
Ability to drive own vehicle to the bank to deposit money.
WORK EXPERIENCE and/or EDUCATION
High school diploma or equivalent and six months of supervisory experience (or related experience/training) preferred.
WORKING CONDITIONS
Frequent walking and standing
Frequent bending, stooping, and kneeling to run check out station, stock merchandise and unload trucks; which may also require the ability to push and/or pull rolltainers for stocking merchandise
Frequent handling of merchandise and equipment such as handheld scanners, pricing guns, box cutters, merchandise containers, two-wheel dollies, U-boats (six-wheel carts), and rolltainers
Frequent and proper lifting of up to 40 pounds; occasional lifting of up to 55 pounds
Occasional climbing (using step ladder) up to heights of six feet
Fast-paced environment; moderate noise level
Occasional exposure to outside weather conditions
Occasional or regular driving/providing own transportation to make bank deposits, attend management meetings and travel to other Dollar General stores.
Dollar General Corporation is an equal opportunity employer.
#Max9#
Show more
Show less","Customer service, Cash register operation, Merchandise stocking and recovery, Store cleaning, Planogram implementation and maintenance, Store opening and closing, Safety policies and practices, Planogram and merchandise presentation guides, Mathematical calculations, Cash handling procedures, Cashier accountability and deposit control, High school diploma or equivalent, Supervisory experience, Walking and standing, Bending stooping and kneeling, Merchandise and equipment handling, Lifting up to 40 pounds, Climbing up to six feet, Fastpaced environment, Noise level, Outside weather conditions, Driving and providing own transportation","['customer service', 'cash register operation', 'merchandise stocking and recovery', 'store cleaning', 'planogram implementation and maintenance', 'store opening and closing', 'safety policies and practices', 'planogram and merchandise presentation guides', 'mathematical calculations', 'cash handling procedures', 'cashier accountability and deposit control', 'high school diploma or equivalent', 'supervisory experience', 'walking and standing', 'bending stooping and kneeling', 'merchandise and equipment handling', 'lifting up to 40 pounds', 'climbing up to six feet', 'fastpaced environment', 'noise level', 'outside weather conditions', 'driving and providing own transportation']"
https://www.linkedin.com/jobs/view/b2b-sales-representative-remote-at-salesroads-3787723591,"SalesRoads seeks a motivated and results-driven B2B Sales Representative to join our dynamic sales team. As a 100% remote role, you will enjoy the flexibility of working from anywhere quiet, with a qualified internet connection and be part of a supportive, family-like atmosphere that prioritizes your personal and professional growth.
Key Responsibilities:
Phone outreach to business executives and introduce our client's products and services.
Close deals and achieve sales targets
Hone your skills through comprehensive training and frequent coaching sessions
Qualifications:
Proven sales experience in a B2B appointment setting
Strong phone communication and interpersonal skills
Persuasive and confident speaker
Quick learner and driven to succeed
High-speed internet connection and ability to work remotely
Earnings and Benefits:
W2 earnings structure with base pay and uncapped commissions ($40,000 to $55,000 per year for full-time positions)
Career paths from internships to senior-level management with room for growth
Work-life balance with employee benefits such as PTO, medical, dental, vision, 401K, and life insurance
Generous PTO program with 40 hours in the first year for full-time or part-time employees, and 120 hours in the second year for full-time employees, plus any carry-over, while part-time employees receive 40 hours in the second year, plus any carry-over.
Join a fast-paced, award-winning culture and make your mark in the sales world. If you're a hunter who never gives up and a team player who values collaboration and open communication, apply now!
Please note: This role is 100% remote and open to candidates in the United States.
Important Notice Regarding Email Communications:
To ensure that our communications reach your inbox promptly and are not mistakenly sent to the spam folder, please take a moment to add the following email addresses to your email contacts or trusted senders list:
By doing so, you'll ensure that crucial updates related to your job application won't be missed. Thank you for your attention to this matter!
Powered by JazzHR
oRHuTVUcB0
Show more
Show less","B2B Sales, Phone Communication, Interpersonal Skills, Persuasive Speaking, Sales Experience, HighSpeed Internet Connection, Remote Work, W2 Earnings Structure, Base Pay, Uncapped Commissions, Career Paths, WorkLife Balance, PTO, Medical Benefits, Dental Benefits, Vision Benefits, 401K, Life Insurance","['b2b sales', 'phone communication', 'interpersonal skills', 'persuasive speaking', 'sales experience', 'highspeed internet connection', 'remote work', 'w2 earnings structure', 'base pay', 'uncapped commissions', 'career paths', 'worklife balance', 'pto', 'medical benefits', 'dental benefits', 'vision benefits', '401k', 'life insurance']"
https://www.linkedin.com/jobs/view/sales-lead-at-journeys-3760929051,"Company Overview
Journeys is a teen retail leader with an emphasis on footwear and unique specialty items including apparel, backpacks, hats and accessories. With more than 800 stores in all 50 US states, Puerto Rico and Canada, Journeys offers the most popular brands that cater to the teen lifestyle such as Converse, Vans, Dr Martens, UGG, Adidas, Timberland, Birkenstock, Crocs and Hey Dude. Through strategic artistic partnerships, event sponsorships, exclusive content, creative collaborations with musicians, and a focus on giving back to the community through charitable events and volunteer programs— Journeys has become more than just a retailer, but a universal part of teen and youth culture. The in-store Journeys experience features an energetic environment, friendly, passionate staff, and an inclusive atmosphere where self-expression is not just accepted – but encouraged and embraced. Journeys is an attitude you can wear.
Journeys is always looking for great people to join our team!
For more information check out: www.journeys.com/careers
WHY WORK FOR JOURNEYS?
We celebrate and reward success!
Rapid promotion opportunities for top performers - we promote from within
We are a family with an Attitude That Cares
We encourage you to embrace your individuality
You get to work in a fun environment with the coolest people around
We conduct business with integrity and passion
Excellent benefits and employee discount
Compensation includes base pay, sales commission, and bonus potential*
Job Summary
To assist store management with basic store operations, developing associates, and achieving store and personal sales goals and standards of performance.
Essential Job Functions
Meet and exceed store and personal sales goals and standards of performance
Assist in training and developing a successful sales team
Provide feedback, coaching, and accountability to all employees by enforcing all company policies and practices
Perform all opening and closing duties according to company policy
Supervise and manage all aspects of daily store operations in store management’s absence
Supervise and manage all aspects of Loss Prevention practices in store management’s absence
Effectively communicate all store needs to store management
Complete bank deposits
Complete all assigned tasks and responsibilities promptly
Complete all required training
Provide a fun, full service experience to all customers
Resolve customer issues effectively
Understand the Journeys culture and demonstrate it to the team
Job Requirements
Prior retail sales experience preferred
Ability to multi-task in a fast-paced environment
Excellent interpersonal and customer service skills
Desire to succeed in fast-paced retail environment
Willingness to learn
Completion of all training programs leading up to Sales Lead position or equivalent training
Ability to work night and weekend shifts
Ability to climb, reach, bend, and lift up to 50 pounds
Stand for long periods of time
Must be at least 18 years of age*
Age requirements for part-time employment may vary based on state
Pay And Benefits
Check out the following website for more information on all our awesome benefits: www.journeys.com/careers
The pay rate, commission, and bonus structure varies per job title, county, city, state or province. Benefits offered may include medical, vision, and dental insurance, a vacation package, and community service hours but may also vary by state, province, or territory. For clarification, refer to www.benefitsatgenesco.com
PRE-APPLICATION DISCLOSURES
Equal employment opportunity is provided to all employees and applicants for employment without regard to race, color, sex, religion, national origin, age, veteran status, pregnancy, childbirth, or related medical condition, physical or mental disability of otherwise qualified individuals, medical condition, genetic information, sexual orientation, citizenship, marital or registered domestic/civil union partner status, gender identity and/or expression, or any other factor that the law protects from employment discrimination.
All employment decisions are based on business needs, job requirements and individual qualifications. This policy applies to all terms and conditions of employment, including, but not limited to, recruitment and hiring, placement, promotion, termination, reductions in force, recall, transfer, leaves of absence, compensation and training. Any applicant or employee who needs a reasonable accommodation to apply for employment or to perform the essential functions of his or her job should email accommodation@genesco.com or call (615) 367-7467. Genesco’s employment practices will continue to be directed toward full utilization of all available human resources. We believe that this approach to our human resources is not only legally and morally proper, but also is an intelligent and economic business practice.
Show more
Show less","Sales, Customer Service, Retail Experience, Multitasking, Communication, Leadership, Training, Loss Prevention, Banking, Time Management, Adaptability, Physical Ability, Problem Solving","['sales', 'customer service', 'retail experience', 'multitasking', 'communication', 'leadership', 'training', 'loss prevention', 'banking', 'time management', 'adaptability', 'physical ability', 'problem solving']"
https://uk.linkedin.com/jobs/view/managed-services-sales-executive-cardiff-uk-hybrid-at-devfinders-3703421774,"A dynamic web and digital business in London is looking for a driven sales expert to join the team as a Sales Executive specializing in IT Managed Services. You will use your abilities in this capacity to help us enhance sales prospects, boost market position, maximize our new business development efforts, and secure new sales. The Sales Representative is in charge of creating new sales leads and consolidating market position.
What’s In It For You -
Salary: £160,000 - £110,000 OTE (on target earnings) {uncapped higher earning proven / obtainable} – with an up to £50,000 per annum Commitment basic salary provided.
40 days paid holiday annually - (28 days + bank holidays + extended festive period shutdown)
Untaken annual leave will automatically roll over to the following year.
Partnership scheme as a full partner receiving a share of the organizations profits in addition to commissions and basic salary.
Lifetime Commission - We offer a guaranteed lifetime commission on all client deals you bring to the table.
Gross/Total Sales Commission - You’ll benefit from 10% open and 10% closing commission on any clients that you source who turn into customers, as well as commission on any recurring services such as hosting, maintenance, support, etc. If the customer continues to grow thanks to your efforts, your commission will continue to grow too.
Remote/Hybrid
Mandatory Skills / Requirements
– Min 3 years’ experience in:
Minimum of 3 years of experience in outbound B2B sales experience.
Strong understanding of computers, technology, and cloud computing.
Excellent written and oral presentation skills.
Strong leadership skills and experience working with cross-functional teams.
Multitasker who is unbelievably organized and possesses the ability to prioritize many tasks across various teams within the organization.
Must be self-motivated with the ability to take initiative in a challenging, fast-paced environment.
Must have a willingness to learn and expand his or her knowledge in regard to IT Support & Managed Services
Must have the ability to quickly adjust priorities to respond to pressing demands.
Duties include, but are not limited to.
Generate new sales leads and gain market position.
Identify and develop new business by prospecting, networking, using social media, and referrals.
Build and monitor the sales pipeline to ensure continuous population of immediate and long-term opportunities.
Prospect for new clients using a CRM and other lead-generation sites.
Lead generation includes email, phone, and in-person cold calling.
Follow-up on inbound leads and sales inquiries
Understand a prospect's business needs and develop a tailored technology proposal.
Provide monthly reporting and reviews with clients.
Utilize tools and management software.
New Client Acquisitions will be recognized.
Please note, if laptop/pc specifications are not provided with screening questions, please consider your application unsuccessful**
Show more
Show less","Sales, Business Development, IT Managed Services, Outbound B2B Sales, Computers, Technology, Cloud Computing, Written and Oral Presentation, Leadership, CrossFunctional Teams, Multitasking, Organization, Prioritization, SelfMotivation, Initiative, FastPaced Environment, Learning, IT Support, Managed Services, CRM, Lead Generation, Email, Phone, Cold Calling, Lead Generation Sites, Software, Laptops, PCs","['sales', 'business development', 'it managed services', 'outbound b2b sales', 'computers', 'technology', 'cloud computing', 'written and oral presentation', 'leadership', 'crossfunctional teams', 'multitasking', 'organization', 'prioritization', 'selfmotivation', 'initiative', 'fastpaced environment', 'learning', 'it support', 'managed services', 'crm', 'lead generation', 'email', 'phone', 'cold calling', 'lead generation sites', 'software', 'laptops', 'pcs']"
https://www.linkedin.com/jobs/view/retail-associate-at-ross-stores-inc-3800456165,"Our values start with our people, join a team that values you!
We are the nation’s largest off-price retailer with over 2,000 stores, and a strong track record of success and growth. Our focus has always been bringing our customers a constant stream of high-quality brands and on-trend merchandise at extraordinary savings. All while providing a fun and exciting treasure hunt experience.
As Part Of Our Team, You Will Experience
Success. Our winning team pursues excellence while learning and evolving
Career growth. We develop industry leading talent because Ross grows when our people grow
Teamwork. We work together to solve the hard problems and find the right solution
Our commitment to Diversity, Equity & Inclusion, and our community. We celebrate the backgrounds, identities, and ideas of those who work and shop with us because our differences make us stronger. We strive to be a positive force in our community.
Our Corporate headquarters are in Dublin, CA, we have 3 buying offices in key markets in New York City, Los Angeles, and Boston, and 7 distribution centers nationwide. With 2022 revenues of $18.7 billion, we are a Fortune 500 company who is committed to providing an inclusive work environment with continuous learning opportunities and development for our teams.
Come see what’s in store: https://jobs.rossstores.com/creative/about
General Purpose
The Retail Associate is responsible for ensuring our Customers have a positive shopping experience. The Associate makes eye contact, smiles, and greets all Customers in a courteous and friendly manner, treats fellow Associates with respect, efficiently follows all company best practice standards as outlined in all work centers, maintains a clean work area at all times, and ensures proper merchandise presentation. The Retail Associate is expected to be engaged in these tasks as assigned during all working hours and will be expected to perform a range of functions in all areas of the Store as business needs require. The Associate may be requested to perform additional tasks in specific situations, if performance of these tasks will help achieve our Customer service and operational goals.
Essential Functions
Understands that safety is the number one priority and practices safe behaviors in everything they do.
Maintains a high level of awareness on the sales floor to create a safe and secure shopping environment for everyone. Maintains clutter free, clear egress to emergency exits. Immediately corrects or reports any unsafe conditions or practices to Store Leadership.
Treats all Customers and Associates with respect and courtesy; is friendly and professional at all times. Recognizes fellow Associates using Company recognition programs.
Assists Customers in any way necessary - is register-trained, assists Customers with merchandise, and answers Customer questions in a polite and knowledgeable manner. Greets all Customers by making eye contact, smiling and saying ""hello"" throughout the Store as well as saying ""thank you"" with every register transaction.
Provides prompt and efficient responses to Customers at all times. Responds to Customer Service calls immediately. Handles all Customer issues in a courteous and helpful way, calling a member of the Store Leadership when needed.
Represents and supports the Company brand at all times.
Performs cleaning tasks such as sweeping, mopping, dusting, wiping counters and mirrors, replenishing restroom supplies, and disinfecting high-touch areas including the front-end, sales floor and restrooms to help maintain merchandise, customer and Team areas.
Maintains a professional appearance and adheres to the Company's dress code at all times.
Performs cleaning tasks such as sweeping, mopping, dusting, wiping counters and mirrors, and replenishing restroom supplies to help maintain merchandise, customer and Team areas.
Performs daily assigned sizing and recovery per company best practice to ensure a neat, clean and organized store that is well-maintained and efficiently merchandised to standards.
Expedites newly received merchandise receipts to the sales floor with a sense of urgency, merchandising all items per company best practice to the monthly presentation guidelines and maintaining merchandise/brand name familiarity within departments to assist Customers.
Understands the Loss Prevention Awareness program, the Shortage Highway, the Store Protection Specialist (SPS) position (where applicable), and merchandise protection standards.
As a representative of Ross Inc., demonstrates integrity and honesty in all interactions with Associates and Customers. Safeguards confidential information, cash and credit card information, and merchandise.
Follows all Mark-Out-of-Stock (MOS) policies, including the identification of MOS merchandise, proper processing of each piece and the notification of Store Leadership to review and approve all disposals.
Follows all policies and procedures concerning cash, check, charge card and refund transactions, voids and offline procedures. Maintains a high level of awareness and accuracy when handling bankable tenders.
Demonstrates a sense of urgency to efficiently perform their role. Maximizes productivity by executing all Store best practices and minimizing steps and touches in their work flow.
Competencies
Manages Work Processes
Business Acumen
Plans, Aligns & Prioritizes
Builds Talent
Collaborates
Leading by Example
Communicates Effectively
Ensures Accountability & Execution
Qualifications And Special Skills Required
Effectively communicate with Customers, Associates and Store Leadership in a friendly, respectful, cooperative and pleasant manner.
Ability to perform basic mathematical calculations commonly used in retail environments.
Physical Requirements/Ada
Ability to use all Store equipment, including PDTs, registers and PC as required.
Ability to spend up to 100% of working time standing, walking, and moving around the Store.
Ability to regularly bend at the waist, squat, kneel, climb, carry, reach, and stoop.
Ability to occasionally push, pull and lift more than 25 pounds.
Ability to use janitorial equipment, rolling racks, ladders and other assigned supplies.
Certain assignments may require other qualifications and skills.
Associates who work Stockroom shifts: Ability to regularly push, pull and lift more than 20 pounds.
Supervisory Responsibilities
None
DISCLAIMER
This job description is a summary of the primary duties and responsibilities of the job and position. It is not intended to be a comprehensive or all-inclusive listing of duties and responsibilities. Contents are subject to change at management's discretion.
Ross is an equal employment opportunity employer. We consider individuals for employment or promotion according to their skills, abilities and experience. We believe that it is an essential part of the Company's overall commitment to attract, hire and develop a strong, talented and diverse workforce. Ross is committed to complying with all applicable laws prohibiting discrimination based on race, color, religious creed, age, national origin, ancestry, physical, mental or developmental disability, sex (which includes pregnancy, childbirth, breastfeeding and medical conditions related to pregnancy, childbirth or breastfeeding), veteran status, military status, marital or registered domestic partnership status, medical condition (including cancer or genetic characteristics), genetic information, gender, gender identity, gender expression, sexual orientation, as well as any other category protected by federal, state or local laws.
The base pay range for this role is $16.00-$16.50. The base pay range is dependent on factors including, but not limited to, experience, skills, qualifications, relevant education, certifications, seniority, and location. The range listed is just one component of the total compensation package for employees. Other rewards vary by position and location.
Show more
Show less","Retail, Customer service, Sales, Cleaning, Merchandising, Loss prevention, Cash handling, PDT, Register, PC, Safety, Communication, Teamwork, Problem solving, Adaptability, Physical strength, Stockroom, Supervisory","['retail', 'customer service', 'sales', 'cleaning', 'merchandising', 'loss prevention', 'cash handling', 'pdt', 'register', 'pc', 'safety', 'communication', 'teamwork', 'problem solving', 'adaptability', 'physical strength', 'stockroom', 'supervisory']"
https://www.linkedin.com/jobs/view/outside-sales-closers-needed-no-prospecting-100k%2b-at-united-placement-group-3799490125,"Outside Sales Experts! Looking for a Job with a Purpose? An Exciting Opportunity Awaits You in Estate Planning Sales with $100,000+ Earning Potential and a Purpose-Driven Career! No license is required for this position.
Great Product, Little Competition, Qualified Appts, and Great price for our Products that is needed by all! No need to Prospect.
Are you a passionate sales expert with a background in consumer-direct outside sales, such as home improvements, insurance, financial services, or similar B2C industries? Are you seeking a career with a meaningful purpose? We have the perfect opportunity for you to elevate your career, and make a positive impact. Our organization specializes in comprehensive estate planning services for the senior market, and we are committed to helping our clients secure their futures. We are seeking a dedicated and experienced Sales Representative to join our team and contribute to our purpose-driven mission.
Must live in or next to the Area you are applying for!
In this role, you will conduct flexible sales presentations to prospective clients and generate new business. We provide qualified preset appointments, growth opportunities, and comprehensive training and support to ensure your success. Ideal candidates will be highly motivated, possess at least 2 years of in-home sales experience, and demonstrate exceptional communication, organizational, and time management skills. Proficiency with computers and experience using a CRM system are also essential.
Our competitive commission-based package includes uncapped earning potential, with estimated weekly earnings ranging from $1,650-$2,550, plus weekly and monthly production bonuses. Additional perks include company-sponsored trips and incentives, making it possible for you to achieve a six-figure income of over $100,000K+ per year while making a real difference in people's lives.
To join our team and take your sales career to new heights with substantial earning potential and a purpose-driven career, apply now with your current resume. We can't wait to hear from you!
Requirements
A minimum of 2+ years of in-home sales experience is required
Proven Sales track record
Proficiency with computers
Strong communication, organizational, and time management skills
Attend weekly web conferences
Ability to report your sales activity through a CRM
Must live close to the Area you are applying for!
Competitive compensation, with uncapped earning potential (estimated weekly earnings $1,650-$2,550) plus potential monthly production bonuses from $700-$1500 per month
Benefits
Competitive compensation, with uncapped earning potential (estimated weekly earnings $1,650-$2,550) plus potential monthly production bonuses from $700-$1500 per month.
Show more
Show less","Sales, Communication, CRM, Organization, Time management, Computer proficiency, Inhome sales, Estate planning, Senior market, Client relations, Appointment setting, Qualify leads, Prospecting, Sales presentations, Customer service","['sales', 'communication', 'crm', 'organization', 'time management', 'computer proficiency', 'inhome sales', 'estate planning', 'senior market', 'client relations', 'appointment setting', 'qualify leads', 'prospecting', 'sales presentations', 'customer service']"
https://www.linkedin.com/jobs/view/lead-sales-associate-ft-at-dollar-general-3580087228,"Dollar General Corporation has been delivering value to shoppers for more than 80 years. Dollar General helps shoppers Save time. Save money. Every day.® by offering products that are frequently used and replenished, such as food, snacks, health and beauty aids, cleaning supplies, basic apparel, housewares and seasonal items at everyday low prices in convenient neighborhood locations. Dollar General operates more than 18,000 stores in 47 states, and we’re still growing. Learn more about Dollar General at www.dollargeneral.com.
GENERAL SUMMARY
The Lead Sales Associate helps maintain a clean, well-organized store with a customer-first focus. The duties of the Lead Sales Associate include assisting customers in locating and purchasing merchandise, operating a cash register, stocking and recovering merchandise, cleaning the store, and performing other duties as assigned by the Store Manager to maximize store profitability and customer satisfaction while protecting company assets. Lead Sales Associates perform the duties of a Sales Associate and act in a lead capacity in the absence of the Store Manager or Assistant Store Manager.
DUTIES and ESSENTIAL JOB FUNCTIONS
Provide superior customer service leadership; greet and assist customers.
Operate cash register and scanner to itemize and total customer’s purchase, collect payment from customers and make change, bag merchandise, and assist customers with merchandise as necessary.
Follow company work processes to receive, open and unpack boxes, cartons and totes of merchandise; stock merchandise, restock and rotate merchandise on shelves, and build merchandise displays.
Clean the store; take out trash; dust and mop store floors; clean restroom and stockroom; and help set up sidewalk displays.
Assist in implementation and maintenance of planograms.
Open and close the store under specific direction of the Store Manager.
Perform additional duties typically performed by the Store Manager or Assistant Store Manager, in their absence.
KNOWLEDGE and SKILLS
Effective interpersonal and oral communication skills.
Understanding of safety policies and practices.
Ability to read and follow planogram and merchandise presentation guides.
Ability to perform mathematical calculations such as addition, subtraction, multiplication, division, and percentages.
Ability to perform cash register functions.
Knowledge of cash, facility, and safety control policies and practices.
Knowledge of cash handling procedures including cashier accountability and deposit control.
Ability to drive own vehicle to the bank to deposit money.
WORK EXPERIENCE and/or EDUCATION
High school diploma or equivalent and six months of supervisory experience (or related experience/training) preferred.
WORKING CONDITIONS
Frequent walking and standing
Frequent bending, stooping, and kneeling to run check out station, stock merchandise and unload trucks; which may also require the ability to push and/or pull rolltainers for stocking merchandise
Frequent handling of merchandise and equipment such as handheld scanners, pricing guns, box cutters, merchandise containers, two-wheel dollies, U-boats (six-wheel carts), and rolltainers
Frequent and proper lifting of up to 40 pounds; occasional lifting of up to 55 pounds
Occasional climbing (using step ladder) up to heights of six feet
Fast-paced environment; moderate noise level
Occasional exposure to outside weather conditions
Occasional or regular driving/providing own transportation to make bank deposits, attend management meetings and travel to other Dollar General stores.
Dollar General Corporation is an equal opportunity employer.
#Max4#
Show more
Show less","Customer service, Sales, Cashier, Cash handling, Stocking and recovering merchandise, Cleaning and maintenance, Planograms, Retail operations, Safety and security, Communication, Mathematical calculations, High school diploma, Supervisory experience, Frequent walking and standing, Frequent bending stooping and kneeling, Frequent handling of merchandise and equipment, Frequent and proper lifting, Occasional climbing, Fastpaced environment, Moderate noise level, Occasional exposure to outside weather conditions, Occasional or regular driving","['customer service', 'sales', 'cashier', 'cash handling', 'stocking and recovering merchandise', 'cleaning and maintenance', 'planograms', 'retail operations', 'safety and security', 'communication', 'mathematical calculations', 'high school diploma', 'supervisory experience', 'frequent walking and standing', 'frequent bending stooping and kneeling', 'frequent handling of merchandise and equipment', 'frequent and proper lifting', 'occasional climbing', 'fastpaced environment', 'moderate noise level', 'occasional exposure to outside weather conditions', 'occasional or regular driving']"
https://www.linkedin.com/jobs/view/sales-associate-daily-thread-myrtle-beach-501-tanger-at-nyc-alliance-3788695024,"Sales Associate
POSITION OVERVIEW:
The Sales Associate will be a brand ambassador for the store by providing a cheerful and positive experience for all customers at the store. The Sales Associate will maximize each sales opportunity, achieve sales goals and KPIs, and help with the general operations of the store. This person will be an integral part of the team and help uphold our Company culture, values and mission.
KEY AREAS OF RESPONSIBILITY:
Deliver a cheerful, high energy, team oriented and exceptional store atmosphere that is consistent with our Company culture, values and mission
Understand the overall concept of the store, including pricing, store layout and product knowledge with a proven ability to translate this to the customer
Assist all customers and maximize all sales opportunities to achieve sales and KPI goals and customer loyalty through effective customer relationships and selling program
Consistently maintain the sales floor and stockroom, adhering to visual standards and all company policies & procedures. Has mindset of ""flawless execution"" and ""strives harder than anyone else""
Help provide important feedback to management and corporate partners
Demonstrate pride in work and looks for creative solutions for day-to-day challenges
Help maintain the stockroom and general operations of the store
QUALIFICATIONS
:
1+ year of retail experience preferred
Always maintains a positive and cheerful disposition, with a proven ability to be pro-active and drive sales
Open to feedback, growth and development
Experience working with various computer programs, POS systems and technology
Ability to kneel, stoop, climb stairs and ladders, reach, pull, and maneuver merchandise or boxes up to 30 lb
Flexible schedule and availability, with ability to work nights, weekends and holidays
Benefits include a generous employee discount and paid sick time.
Show more
Show less","Sales, Customer service, Communication, Teamwork, POS systems, Retail experience, Merchandising, Stockroom management, Computer programs, Ability to work various shifts","['sales', 'customer service', 'communication', 'teamwork', 'pos systems', 'retail experience', 'merchandising', 'stockroom management', 'computer programs', 'ability to work various shifts']"
https://au.linkedin.com/jobs/view/lead-planner-at-calibre-rail-3769460841,"Here’s What You Can Expect At Calibre
Want to work with people that really care? What you do matters and so do you. Your efforts and achievements will be recognised – you’ll never just be a number.
A knowledgeable and supportive management team
Opportunities to learn, provide feedback and challenge the status quo
Generous employee referral incentives
Staff or contractor, you’ll be respected – we’re all one team
Support to stay safe and well, so you can be your best at work and home
Access to spacious and modern end of trip facilities
Our values matter. We look out for each other and succeed together
Join us. Realise your best career, here.
Within Western Australia our Mining & Resources Division delivers engineering and construction projects for our key Tier 1 iron ore producing clients, which enables them to sustain and expand their mining operations throughout the Pilbara Region of Western Australia. As a trusted partner to the WA resource sector, Calibre is integrated in our Client’s Major Projects which enables up to go above and beyond and succeed together with our clients.
The Role
Joining an established project team, you'll be part of a major iron ore brownfields project currently in design phase, valued at $2b+. Reporting into the Project Controls Manager, you will be responsible for;
Ensure the project planning approach remains fit for purpose by incorporating lessons learnt and feedback to optimise planning processes and standards
Provide technically proficient planning advice about a broad range of development scenarios
Managing the work financially, technically and contractually
Monitor progress and implement controls which deliver the project to the program
Provide the baseline for regular and accurate program updates and reliable forecasts
Present high level project schedule reports to project leadership as required
Thrive with us! We hope you'll bring:
Relevant Qualifications – Engineering or Construction Management
Proficiency with Primavera P6 and/or MS Project
Demonstrated experience meeting deadlines whilst managing emerging priorities
A high level of skill and understanding of various resource-based planning principles and construction delivery methodologies
Proven experience in leadership and high-level project controls
Why You Should Choose Us
We’re big enough to deliver incredible work at scale, but still small enough for it to mean so much more. Calibre Mining & Infrastructure is a trusted advisory and diversified engineering services provider to the WA resource sector. We have a successful track record of over 20 years in the design and execution of $30bn+ in projects. Through a collaborative partnership approach, we develop a strong business understanding of our clients needs, ensuring our work delivering assets and broader support solutions provides long term value.
Interested? We'd love to hear from you.
If you are excited by what you have read, then we want to hear from you! Apply now or contact Sym Quaggan on 08 6375 5379 if you require further information. We want every individual to truly feel like they belong when at work. Diversity and inclusion is a key part of our culture and success. Applications are welcome from all backgrounds.
Show more
Show less","Primavera P6, MS Project, Resourcebased planning principles, Construction delivery methodologies, Project leadership, Engineering, Construction management, Project controls","['primavera p6', 'ms project', 'resourcebased planning principles', 'construction delivery methodologies', 'project leadership', 'engineering', 'construction management', 'project controls']"
https://uk.linkedin.com/jobs/view/supply-planner-at-distinct-3794615843,"Are you a junior supply chain professional whos keen to take on more responsibility? Do you enjoy working in fast-paced environments?
A consumer goods business in Nottingham is on the lookout for a Supply Planner to strengthen their team as a result of expansion.
Reporting to the Senior Supply Planner, you will be responsible for helping to achieve sales and inventory targets through efficient management of stock.
Day-to-day You Will Be Accountable For
Purchase order recommendation
Analysing stock information and generating basic demand forecasts
Building and maintaining relationships supplier accounts
Youll need to have strong MS Excel capabilities as youll be analysing and manipulating stock data on a daily basis. Exposure to using formulas, pivot tables, VLOOKUPs will be needed.
Youd be working in an environment that promotes growth and development they are happy to support with funding for your CIPS qualifications.
This is a great opportunity for someone with a minimum 6-12 months experience, whos keen to learn and progress in a fast-paced supply chain environment.
Salary is circa 22-25k.
To find out more, please apply via this ad. If youd rather have an initial chat first, thats fine contact Chris Adams at Distinct Recruitment.
We look forward to hearing from you.
Distinct Recruitment Privacy Policy
Show more
Show less","Supply Chain Management, Inventory Management, Purchase Order Recommendation, Stock Data Analysis, Demand Forecasting, Supplier Relationship Building, MS Excel, Formulas, Pivot Tables, VLOOKUPs, CIPS Qualifications, FastPaced Environment","['supply chain management', 'inventory management', 'purchase order recommendation', 'stock data analysis', 'demand forecasting', 'supplier relationship building', 'ms excel', 'formulas', 'pivot tables', 'vlookups', 'cips qualifications', 'fastpaced environment']"
https://www.linkedin.com/jobs/view/production-planner-at-teledyne-technologies-incorporated-3617088150,"Be visionary
Teledyne Technologies Incorporated provides enabling technologies for industrial growth markets that require advanced technology and high reliability. These markets include aerospace and defense, factory automation, air and water quality environmental monitoring, electronics design and development, oceanographic research, deepwater oil and gas exploration and production, medical imaging and pharmaceutical research.
We are looking for individuals who thrive on making an impact and want the excitement of being on a team that wins.
Job Description
Teledyne Marine
is a group of leading-edge undersea technology companies that have been assembled by Teledyne Technologies Incorporated. Through acquisitions and collaboration, over the past 10 years Teledyne Marine has evolved into an industry powerhouse, bringing the best of the best together under a single umbrella. With technologies divided into 5 core segments; Imaging, Instruments, Interconnect, Seismic and Vehicles, Teledyne Marine sales staff can address not only brand level solutions, but turn-key, customized systems that leverage our full range of technology. Our goal is to provide one-stop purchasing capability, world-wide customer support, and the technical expertise to solve our customer's toughest challenges. A Sea of Solutions…..One Supplier.
For more information, visit our website at www.teledynemarine.com.
Essential Duties
Generate and maintain accurate production schedules for production areas.
Report on shop floor activities and performance to schedule
Coordinate emergency orders through the production areas
Maintain shop order accuracy. Work with the component shop to close shop orders in a timely manner and to insure the accuracy of the data on the order.
Work with production and planning teams to resolve scheduling and performance issues.
With consideration to internal capacity, load, and capabilities, outsource components to approved suppliers.
Effectively communicate changes in schedules.
Comply with, and assist in the enforcement of all company safety policies.
Education And Experience
HS Diploma/GED (College Degree preferred)
Minimum 3-5 years of production planning experience with ERP/MRP systems and strong understanding of shop floor control activities
Willing to aggressively pursue APICS CPIM Certification
Job Knowledge, Skills And Abilities
Excellent Organizational Skills
Computer Literate- proficient in Microsoft Word, Excel
Strong interpersonal communication skills- written & verbal.
Ability to work with little supervision in a fast-paced environment
Professional appearance and behavior
Team player a must.
Due to the type of work at the facility and certain access restrictions, successful applicants must be a ""US Person"" (US Citizens, US Nationals, lawful permanent residents, asylees or refugees).
What can Teledyne offer YOU?
A Competitive Salary & Benefits Package
Excellent Health, Dental, Vision
Paid Vacation Time
Paid Sick Time
Life Insurance Benefits
Paid Holidays
401(k) Eligibility
Employee Stock Purchase Plan
Fitness Challenges
Educational Tuition Reimbursement
Employee Fun Events throughout the year
Teledyne and all of our employees are committed to conducting business with the highest ethical standards. We require all employees to comply with all applicable laws, regulations, rules and regulatory orders. Our reputation for honesty, integrity and high ethics is as important to us as our reputation for making innovative sensing solutions.
Teledyne is an Equal Opportunity/Affirmative Action Employer. All qualified applicants will receive consideration for employment without regard to race, color, religion, sex, sexual orientation, gender identity, national origin, disability or veteran status, age, or any other characteristic or non-merit based factor made unlawful by federal, state, or local laws.
Show more
Show less","Production Planning, ERP/MRP Systems, Shop Floor Control, APICS CPIM Certification, Microsoft Word, Microsoft Excel, Interpersonal Communication Skills, Team Player, US Person, Education Tuition Reimbursement","['production planning', 'erp/mrp systems', 'shop floor control', 'apics cpim certification', 'microsoft word', 'microsoft excel', 'interpersonal communication skills', 'team player', 'us person', 'education tuition reimbursement']"
https://www.linkedin.com/jobs/view/supply-planner-at-michael-page-3799278626,"Global Company|Work with CEO
About Our Client
This beauty brand has experienced rapid revenue growth, and overall influence within a relatively short period. They have extended globally and are continuing to be a main player in the space.
Job Description
The key responsibilities will be developing proposals to mitigate risks, monitor and identify constraints, and investigate issues or inefficiencies across all operations. Additionally, they will communicate with business partners in regards to product portfolio from a supply planning view.
MPI does not discriminate on the basis of race, color, religion, sex, sexual orientation, gender identity or expression, national origin, age, disability, veteran status, marital status, or based on an individual's status in any group or class protected by applicable federal, state or local law. MPI encourages applications from minorities, women, the disabled, protected veterans and all other qualified applicants.
The Successful Applicant
A successful candidate at this job possesses a combination of skills, qualifications, and attributes that make them a valuable and effective contributor to the organization such as attention to detail, highly analytic, as well as collaborative.
What's On Offer
Full benefits package, PTO
Contact: Alexa Bonanno
Quote job ref: JN-012024-6297070
Show more
Show less","Risk proposals, Monitoring, Constraints identification, Investigations, Product portfolio communication, Supply planning","['risk proposals', 'monitoring', 'constraints identification', 'investigations', 'product portfolio communication', 'supply planning']"
https://www.linkedin.com/jobs/view/legal-assistant-at-kmrg-llc-3806003822,"ROLE
We need an experienced Legal Assistant to support the U.S. Department of Justice with healthcare fraud and opioid-related cases. This is a full-time opportunity in which we’ll provide competitive pay, comprehensive benefits, and job stability and security. Apply today!
Responsibilities
Perform standard legal support job responsibilities
Assist with pleadings, discovery, briefs, bankruptcy petitions, etc.
Perform critical thinking and analytical activities
Review legal instruments
Verify that legal information is complete and accurate
Confirm that legal information is ready for proper execution
Assist attorneys and legal support staff
Conduct legal research for cases
Gather facts for cases and routine reports
Use legal databases for research and discovery
Evaluate and determine the correction of an action
Research legal records to ascertain conditions that might preclude an action
Help with scanning, exporting and importing data, etc.
Perform initial review of petitions
Support case management
Maintain case files
Prepare memorandums, reports and correspondence
Take notes and prepare follow-on documentation
Work with technologies such as but not limited to IPRO, CaseMap, QuickBooks, and Microsoft
BACKGROUND
Progressive and relevant experience
EDUCATION
Paralegal Certificate
Strong preference for an Associate degree or some college education
Preference for Bachelor’s degree
LOCATION
Providence, RI 02903
TELEWORK
Up to two (2) days per week
CLEARANCE
U.S. citizenship required since this role supports the U.S. federal government
CLIENT
Department of Justice
TRAVEL
No travel required
WORK HOURS
40 hours per week
8 hours per day
Overtime Eligible
EMPLOYMENT CLASSIFICATION
Employment Classification Eligibility —Non-Exempt
KMRG, LLC is an Equal Opportunity/Affirmative Action (EEO/AA) employer. All qualified applicants will receive consideration for employment without regard to race, color, creed, religion, gender, sexual orientation, ancestry, national origin, age, marital status, mental disability, physical disability, medical condition, pregnancy, political affiliation, military or veteran status, or any other basis prohibited by federal or state law.
Other Considerations:
applicants will be subject to a background investigation. Individual’s primary workstation is located in an office area. The noise level in this environment is low to moderate. Regularly required to sit for extended periods up to 100% of the time; frequently required to move about to access file cabinets and use office equipment such as PC, copier, fax, telephone, cell phone, etc. Occasionally required to reach overhead, bend, and lift objects of up to 10 lbs. Specific vision abilities required by this job include the use of computer monitor screens up to 100% of the time.
Powered by JazzHR
5s2UZQbthN
Show more
Show less","Legal Research, Legal Databases, IPRO, CaseMap, QuickBooks, Microsoft, Paralegal Certificate, Associate Degree, Bachelor's Degree, U.S. Citizenship, Legal Support, Pleadings, Briefs, Discovery, Bankruptcy Petitions, Legal Instruments, Legal Information, Attorneys, Legal Research, Case Management, Case Files, Memorandums, Reports, Correspondence, Note Taking, Scanning, Exporting, Importing, Data, Petition Review","['legal research', 'legal databases', 'ipro', 'casemap', 'quickbooks', 'microsoft', 'paralegal certificate', 'associate degree', ""bachelor's degree"", 'u.s. citizenship', 'legal support', 'pleadings', 'briefs', 'discovery', 'bankruptcy petitions', 'legal instruments', 'legal information', 'attorneys', 'legal research', 'case management', 'case files', 'memorandums', 'reports', 'correspondence', 'note taking', 'scanning', 'exporting', 'importing', 'data', 'petition review']"
https://www.linkedin.com/jobs/view/hourly-supervisor-training-at-walmart-3780657231,"Are you looking for a job that offers more responsibility, more pay, and more opportunity? As an hourly supervisor, you are responsible for an entire area of the store. Associates in your area will look to you for leadership, direction, training, and support. You are accountable for merchandise availability, department standards, and financial performance of your area.
But you're not in it alone. You'll have the full support of your fellow team leads, coaches, and store manager. Plus, we offer additional specialized training through local Walmart Academies to teach you everything from leadership skills to running your department.
At Walmart, we offer competitive pay as well as performance-based incentive awards and other great benefits for a happier mind, body, and wallet. Health benefits include medical, vision and dental coverage. Financial benefits include 401(k), stock purchase and company-paid life insurance. Paid time off benefits include parental leave, family care leave, bereavement, jury duty, and voting. Other benefits include short-term and long-term disability, company discounts, Military Leave Pay, adoption and surrogacy expense reimbursement, and more.
You will also receive PTO and/or PPTO that can be used for vacation, sick leave, holidays, or other purposes. The amount you receive depends on your job classification and length of employment. It will meet or exceed the requirements of paid sick leave laws, where applicable. For information about PTO, see https://one.walmart.com/notices.
Live Better U is a Walmart-paid education benefit program for full-time and part-time associates in Walmart and Sam's Club facilities. Programs range from high school completion to bachelor's degrees, including English Language Learning and short-form certificates. Tuition, books, and fees are completely paid for by Walmart.
Eligibility requirements apply to some benefits and may depend on your job classification and length of employment. Benefits are subject to change and may be subject to a specific plan or program terms. For information about benefits and eligibility, see One.Walmart.com.
The hourly wage range for this position is $16.00 to $36.00.
The actual hourly rate will equal or exceed the required minimum wage applicable to the job location.
Additional Compensation Includes Annual Or Quarterly Performance Incentives.
Additional compensation in the form of premiums may be paid in amounts ranging from $0.35 per hour to $3.00 per hour in specific circumstances. Premiums may be based on schedule, facility, season, or specific work performed. Multiple premiums may apply if applicable criteria are met.
Duties And Responsibilities
Ensure customer satisfaction by greeting and answering their questions
Tour your area to ensure it meets our customer's expectations
Work hand-in-hand with team associates to get the job done
Prepare and plan for upcoming events that will impact your area
Ability to communicate, take direction at all levels, and turn it into action
Use basic math skills to maintain accurate inventory levels
* For a complete list of duties and responsibilities, please see the actual job description.
#storejobs
About Walmart
At Walmart, we help people save money so they can live better. This mission serves as the foundation for every decision we make, from responsible sourcing to sustainability-and everything in between. As a Walmart associate, you will play an integral role in shaping the future of retail, tech, merchandising, finance and hundreds of other industries-all while affecting the lives of millions of customers all over the world. Here, your work makes an impact every day. What are you waiting for?
Walmart, Inc. is an Equal Opportunity Employer- By Choice. We believe we are best equipped to help our associates, customers, and the communities we serve live better when we really know them. That means understanding, respecting, and valuing diversity- unique styles, experiences, identities, abilities, ideas and opinions- while being inclusive of all people.
Show more
Show less","Leadership, Verbal communication, Interpersonal communication, Inventory management, Math, Direction taking, Event planning, Problem solving","['leadership', 'verbal communication', 'interpersonal communication', 'inventory management', 'math', 'direction taking', 'event planning', 'problem solving']"
https://www.linkedin.com/jobs/view/staff-nurse-rn-at-satellite-healthcare-at-health-ecareers-3787546136,"WHAT YOU WILL DO**As a Staff Nurse you will actively participate in professional role development activities, including continuing education, quality assessment and improvement, and the review and clinical application of research findings. The Staff Nurse develops ethically sound practice and confronts ethical challenges through the application of the Nephrology Nursing Standards of Practice and the state Scope of Practices.**WHAT WE EXPECT OF YOU**You will play a vital role to ensure that we deliver on our Mission to make life better for those living with kidney disease and our Vision to be unsurpassed in our individualized experience, our quality, and our compassion. You approach your work with an indisputable sense of greater purpose. You are patient-centric and have a track record of leading interdisciplinary teams in providing quality care. Lastly, you are high energy, seek out opportunities to improve the environment for patients and staff, are goal-oriented, and gain deep satisfaction from building relationships.**WHAT YOU WILL GAIN****Relationships:** You will work directly with a multi-disciplinary team that is as passionate as you in making a difference in others' lives. You will become a servant leader, bringing up your team to provide care that is unsurpassed by others in our industry.**Impact:** You will set the tone that enables our patients to live a better life and address their needs holistically. You will make a difference for our patients so that they do dialysis to live instead of living for dialysis.**Growth:** You will have formal and informal opportunities for professional growth in a supportive environment. You will become a subject-matter expert and have a wide range of opportunities for career advancement.**MINIMUM QUALIFICATIONS****Experience:** One (1) year of registered nurse experience. Minimum 3 months (California & Tennessee) or 6 months (Texas) of experience as a Nephrology Nurse with dialysis experience required; a combination of in-center, and/ or acute, hemodialysis required**Education** **:** Graduation from an accredited nursing school or equivalent**License/Certification** : Current, active, unencumbered state RN licensure Current Healthcare Provider certification (CPR) required**Minimum Knowledge, Skills & Abilities** : Competent and in-depth knowledge regarding the use of Electronic Health Records Ability to organize, prioritize and complete projects independentlySatellite Healthcare, Inc. is an equal opportunity employer. Satellite Healthcare, Inc. does not discriminate in employment on account of race, color, religion, national origin, citizenship status, ancestry, age, sex (including sexual harassment), sexual orientation, marital status, physical or mental disability, military status or unfavorable discharge from military service.
Compensation Information
$0.0 / - $0.0 /
Starting At: 0.0
Up To: 0.0
Show more
Show less","Nursing, Patient Care, Interdisciplinary Teamwork, Renal Dialysis, Electronic Health Records, Healthcare Provider Certification, Registered Nurse License","['nursing', 'patient care', 'interdisciplinary teamwork', 'renal dialysis', 'electronic health records', 'healthcare provider certification', 'registered nurse license']"
https://www.linkedin.com/jobs/view/customer-service-representative-at-performance-team-3802173750,"Job Details
Job Location
290 Kearny NJ - Kearny, NJ
Position Type
Full Time
Who We Are
About Us
As a company, we promote a culture of honesty and integrity, and value the trust it allows us to build with customers and employees alike. Our focus on our people is what sets us apart and keeps our customers coming back to work with us!
If you are seeking to be a part of a family, this is the place for you!
Performance Team handles end-to-end warehousing and distribution logistics needs utilizing our strategic network of storage facilities. Our facilities are capable of receiving, storing, processing and dispatching cargo, so we can build flexibility and resilience into the supply chain process. Our integrated solutions allow us to be prepared for supply chain risks, so we can plan distribution to better achieve lead time and goals despite unexpected conditions. Our extensive experience, connections, and deep expertise across different sectors, industries, and transportation modes, means we can be counted on for process excellence that will save time and money.
Description
Summary:
A Customer Service Representative will act as a liaison, provide product/services information, answer questions, and resolve any emerging problems that our customer accounts might face with accuracy and efficiency. You will interview customers and record interview information via data by performing the following duties:
Essential Duties And Responsibilities
Assist customers with requests and inquiries via email, phone, and in person and receive orders for account.
Supervise assigned accounts.
Deliver Customer expectations.
Complete contract forms, determine charges for services requested, communicate changes with accounts and ensure orders and changes are properly executed.
Solicits sale of new or additional services.
Adjusts complaints concerning billing or service rendered, referring complaints of service failures to designated departments for investigation.
Committed to meeting current and future expectations and requirements of customers, and resolving customer issues that arise.
Provide input and complete freight bills.
Ensure all supporting documents are accurate, available, and applicable to the customer order/shipment.
Prioritization of orders and adjusting of schedules to ensure customer priority requirements are met.
Compile and submit accurate, regular, and timely reports as requested.
Provide customer statistics regarding shipments via email or through verbal transmission.
Process new rate requests, especially during the booking portion, along with pertinent information to pricing for rate submission and approval from customer.
Report and document any irregularities to management immediately.
Other duties as assigned.
Education And/or Experience
One year of experience in a customer service-based setting handling incoming calls and emails, utilizing troubleshooting and problem-solving skills to provide resolution.
Experience with Microsoft Office Suite, specifically Word, Excel, and Outlook
Schedule: M-F 4PM-12:30 AM
Company Benefits
Medical
Dental
Vision
401k + Company Match
Employee Assistance Program
Paid Time Off
Flexible Work Schedules (when possible)
And more!
Pay Range
$19-$20 hourly*
The above stated pay range is the anticipated starting salary range for the position. The Company may adjust this range in light of prevailing market conditions and other factors such as location. The Company will work directly with the selected candidate(s) on the final starting salary in accordance with all applicable laws.
You must be authorized to work for any employer in the U.S.
Performance Team is committed to a diverse and inclusive workplace, and we embrace different styles of thinking. Maersk is an equal opportunities employer and welcomes applicants without regard to race, color, gender, sex, age, religion, creed, national origin, ancestry, citizenship, marital status, sexual orientation, physical or mental disability, medical condition, pregnancy or parental leave, veteran status, gender identity, genetic information, or any other characteristic protected by applicable law. We will consider qualified applicants with criminal histories in a manner consistent with all legal requirements.
We are happy to support your need for any adjustments during the application and hiring process. If you need special assistance or an accommodation to use our website, apply for a position, or to perform a job, please contact us by emailing hr.support@performanceteam.net.
Show more
Show less","Customer Service, ProblemSolving, Microsoft Office Suite, Microsoft Word, Microsoft Excel, Microsoft Outlook, Troubleshooting, Data Entry, Communication, Time Management, Order Management, Account Management, Scheduling, Reporting, Rate Management, Documentation, Email, Phone, InPerson","['customer service', 'problemsolving', 'microsoft office suite', 'microsoft word', 'microsoft excel', 'microsoft outlook', 'troubleshooting', 'data entry', 'communication', 'time management', 'order management', 'account management', 'scheduling', 'reporting', 'rate management', 'documentation', 'email', 'phone', 'inperson']"
https://uk.linkedin.com/jobs/view/project-planner-at-cyber-security-forum-initiative-3804010269,"Job Title: Project Planner
Location: Barrow - hybrid working
Salary: £45,000 - £65,000
A leader in the Defence sector is looking for a Project Planner to work on site in Barrow as part of their team. This is a hybrid working role and is a great opportunity to work for a global organisation.
The Role
As a Project Planner, you'll be responsible for developing and maintaining project schedules, critical path analysis as well as preparing cost estimates and monitoring project budgets. In addition, you'll be identifying potential risks, assessing their impact and generating regular progress reports for project stakeholders.
The Person
To be successful in this role, you'll need to have experience of a similar role within an engineering organisation using P6. In addition, this role will require good stakeholder management skills and the ability to manage new challenges. Experience within the Defence sector would be looked upon favourably.
The Package
As a Project Planner, you'll be on a salary of up to £65,000 (DOE) and the role is available on a hybrid working arrangement. In addition, there's other non-tangible benefits such as pension, other work schemes and commitment to your development, both in terms of your skills and career progression.
Apply Now
To apply for the position of Project Planner, please send your CV via the apply button.
Show more
Show less","Project Planning, Critical Path Analysis, Cost Estimation, Budget Monitoring, Risk Identification, Risk Assessment, Progress Reporting, Stakeholder Management, P6, Engineering, Defence","['project planning', 'critical path analysis', 'cost estimation', 'budget monitoring', 'risk identification', 'risk assessment', 'progress reporting', 'stakeholder management', 'p6', 'engineering', 'defence']"
https://www.linkedin.com/jobs/view/accounts-payable-clerk-at-facilities-maintenance-management-llc-fmm-3805938589,"Anytime Flooring is seeking an Accounts Payable Clerk at our Baton Rouge office location. Anytime Flooring is a commercial and residential flooring subcontractor that services Louisiana, Mississippi, Alabama, Florida, and Texas. Our team is comprised of driven professionals who provide superior levels of customer service to both our clients and vendors. The goal at Anytime Flooring is to maintain a superior level of service while also holding the core values of our company.
Our Accounts Payable Clerk will be responsible for all payables which includes but is not limited to:
Receiving and entering vendor and subcontractor invoices into our accounting software
Reconciling vendor invoices to statements
Assisting with the management of vendor credit accounts
Processing vendor credit applications
Assisting with the management of vendor payments
Processing vendor checks
Completing and managing lien waivers for vendors
Assisting with monthly sales tax reporting
Assisting with quarterly inventory counts
Our ideal candidate must possess the following:
At least 1-3 years of accounts payable experience
Proficient in excel
Knowledge of Sales and Use Tax
Team player mentality
Fast learner in a fast paced environment
If you want to be part of an energetic, growing team and possess the above qualities - fill out our application today!
Show more
Show less","Accounts Payable, Excel, Sales and Use Tax, Team player, Fast learner","['accounts payable', 'excel', 'sales and use tax', 'team player', 'fast learner']"
https://www.linkedin.com/jobs/view/assistant-salon-manager-ball-s-price-chopper-at-jobs-for-humanity-3805262909,"Job Description
Got shears and a winning attitude? Have a yearning to earn and a desire to support other stylists? Then let’s talk! Maybe you’re a stylist who wants more responsibility, or you’re looking for a new opportunity? If this sounds like you, then you may have what it takes to be an assistant salon manager at a Great Clips salon. Great things happen at a Great Clips salon, and we’d love for you to be part of that.
We Offer These Great Perks And Benefits
Tuition reimbursement
Paid Top in the Industry Virtual and Hands on training
Work/life balance
Paid holidays
Vacation pay
Health benefits
Our stylists average a minimum of $18 per hour and most make upwards of $28+ per hour including tips and bonuses!
Must have a Valid Cosmetology or Barber’s License
Join Carpe Diem, Inc. and Seize the Day
What are salon owners looking for in a great Assistant Salon Manager?
Great communication skills
A motivating attitude
Top-notch technical skills
Flexible and organized
Driven to achieve goals
Licensed to cut hair
Requirements: Cosmetology and/or barber license (licensing requirements vary by state/province)
What benefits may be offered by each salon owner in return?
Manager training to grow your team and the salon
Incentives and recognition for a job well done
An immediate customer base
Ongoing training for career growth
Sounds good, right? Then the salon owner wants to hear from you! Do what you love doing with a great brand. Join a Great Clips salon team today.
Show more
Show less","Cosmetology, Motivating attitude, Communication, Hair cutting, Flexible, Salon management, Barber license","['cosmetology', 'motivating attitude', 'communication', 'hair cutting', 'flexible', 'salon management', 'barber license']"
https://www.linkedin.com/jobs/view/volunteer-properties-master-properties-crew-at-volunteermatch-3803961684,"The Des Moines Playhouse is a community theatre, producing 12-14 shows (Broadway musicals, comedies, dramas, family shows) each year. It is the second largest and one of the six oldest continuously operating community theatres in the US. The Playhouse also has one of the largest theatre education programs in the country, with classes for ages 4-adult.
Are you good with your hands? Creative? Are you able to see ""one man's treasure in a pile of junk?"" Do you enjoy visiting antique stores and flea markets? Then you may have the skills necessary to be a props master/mistress. A property (""prop"") is anything that is not attached to an actor or part of the set. The props master/mistress is responsible for finding, borrowing, buying, or building all the ""dressing"" on the walls and the hand props used by the actors. This may also include real food or drink. The props master/mistress may work alone, or may have a crew to help them, depending on the show.
The props crew works directly with the props master/mistress to obtain the props needed for a production as well as help during the show. In some instances, the props crews may be called upon to help the shift crew during scene changes.
This is a volunteer opportunity provided by VolunteerMatch, in partnership with LinkedIn for Good.
Show more
Show less","Props master/mistress, Props crew, Finding props, Borrowing props, Buying props, Building props, Real food or drink, Scene changes","['props master/mistress', 'props crew', 'finding props', 'borrowing props', 'buying props', 'building props', 'real food or drink', 'scene changes']"
